Kategoria,Data,Suma jm.,Suma jm. PLN,Suma jm. EUR,Suma jm. USD,Wartość suma w PLN,Wartość PLN,Wartość EUR,Wartość USD,"Wartość EUR, PLN",Kurs euro
adfloor,20230101,1,1,,,8000,8000,,,"0,00 zł","4,32 zł"
adfloor,20230201,2,1,1,,38038,20000,3800,,"16 418,64 zł","4,32 zł"
adfloor,20240201,1,1,,,16255,16255,,,"0,00 zł","4,32 zł"
adfloor,20230301,1,,1,,6025,,1285,,"5 552,09 zł","4,32 zł"
adfloor,20230601,1,1,,,47581,47581,,,"0,00 zł","4,32 zł"
adfloor,20230701,1,1,,,8100,8100,,,"0,00 zł","4,32 zł"
adfloor,20230801,1,1,,,39027,39027,,,"0,00 zł","4,32 zł"
adfloor,20231001,1,1,,,1400,1400,,,"0,00 zł","4,32 zł"
adfloor,20231101,4,4,,,28999,28999,,,"0,00 zł","4,32 zł"
adfloor akcesoria,20230201,1,1,,,230,230,,,"0,00 zł","4,32 zł"
adfloor akcesoria,20230501,36,36,,,6804,6804,,,"0,00 zł","4,32 zł"
adfloor akcesoria,20230701,4,4,,,960,960,,,"0,00 zł","4,32 zł"
adfloor akcesoria,20231001,18,18,,,2196,2196,,,"0,00 zł","4,32 zł"
adfloor akcesoria,20231201,12,12,,,560,560,,,"0,00 zł","4,32 zł"
bramy pneumatyczne,20240101,5,,5,,12038,,2767,,"11 955,36 zł","4,32 zł"
bramy pneumatyczne,20230101,1,,1,,4680,,996,,"4 303,41 zł","4,32 zł"
bramy pneumatyczne,20230201,3,2,1,,12563,7794,996,,"4 303,41 zł","4,32 zł"
bramy pneumatyczne,20240201,6,2,4,,20824,8267,2902,,"12 538,66 zł","4,32 zł"
bramy pneumatyczne,20230301,3,2,1,,12979,7480,1175,,"5 076,82 zł","4,32 zł"
bramy pneumatyczne,20230401,8,1,7,,34224,4180,6466,,"27 937,61 zł","4,32 zł"
bramy pneumatyczne,20230501,8,3,5,,32330,12192,4430,,"19 140,68 zł","4,32 zł"
bramy pneumatyczne,20230601,12,5,7,,50426,19180,7016,,"30 314,00 zł","4,32 zł"
bramy pneumatyczne,20230701,7,2,5,,32390,7106,5686,,"24 567,47 zł","4,32 zł"
bramy pneumatyczne,20230801,9,5,4,,34589,19268,3430,,"14 819,98 zł","4,32 zł"
bramy pneumatyczne,20230901,2,2,,,7106,7106,,,"0,00 zł","4,32 zł"
bramy pneumatyczne,20231001,1,,1,,4089,,893,,"3 858,38 zł","4,32 zł"
bramy pneumatyczne,20231101,2,1,1,,8335,3685,1068,,"4 614,50 zł","4,32 zł"
bramy pneumatyczne,20231201,4,3,1,,16882,12237,1068,,"4 614,50 zł","4,32 zł"
classic,20231101,250,250,,,1125,1125,,,"0,00 zł","4,32 zł"
digital,20240101,1,1,,,12350,12350,,,"0,00 zł","4,32 zł"
digital,20230201,2,1,1,,21016,9800,2350,,"10 153,63 zł","4,32 zł"
digital,20240201,4,3,1,,51061,36600,3350,,"14 474,33 zł","4,32 zł"
digital,20230301,4,3,1,,46870,33950,2750,,"11 881,91 zł","4,32 zł"
digital,20230401,27,1,26,,36908,12050,5414,,"23 392,24 zł","4,32 zł"
digital,20230501,4,4,,,44400,44400,,,"0,00 zł","4,32 zł"
digital,20230601,4,4,,,43400,43400,,,"0,00 zł","4,32 zł"
digital,20230701,1,1,,,12050,12050,,,"0,00 zł","4,32 zł"
digital,20231001,2,,2,,18619,,4050,,"17 498,81 zł","4,32 zł"
digital,20231101,2,2,,,18510,18510,,,"0,00 zł","4,32 zł"
digital,20231201,4,3,1,,33762,30400,780,,"3 370,14 zł","4,32 zł"
flagi,20240101,126,111,15,,20332,18501,420,,"1 814,69 zł","4,32 zł"
flagi,20230101,145,53,92,,18241,8872,1986,,"8 580,90 zł","4,32 zł"
flagi,20230201,92,82,10,,18800,16638,454,,"1 961,60 zł","4,32 zł"
flagi,20240201,122,112,10,,21485,19790,392,,"1 693,71 zł","4,32 zł"
flagi,20230301,215,201,14,,45223,40479,1011,,"4 368,22 zł","4,32 zł"
flagi,20230401,199,180,19,,55140,48256,1481,,"6 398,95 zł","4,32 zł"
flagi,20230501,496,460,36,,107618,98806,1937,,"8 369,19 zł","4,32 zł"
flagi,20230601,340,261,77,2,78677,62880,3487,54,"15 066,26 zł","4,32 zł"
flagi,20230701,328,276,52,,78084,66966,2502,,"10 810,38 zł","4,32 zł"
flagi,20230801,258,244,14,,64755,61237,786,,"3 396,07 zł","4,32 zł"
flagi,20230901,299,267,32,,72636,65994,1450,,"6 265,01 zł","4,32 zł"
flagi,20231001,167,145,22,,41502,35744,1289,,"5 569,38 zł","4,32 zł"
flagi,20231101,222,208,14,,34601,31724,650,,"2 808,45 zł","4,32 zł"
flagi,20231201,139,139,,,33871,33871,,,"0,00 zł","4,32 zł"
inne,20230101,33,,33,,1422,,302,,"1 304,85 zł","4,32 zł"
inne,20230201,31,1,30,,590,590,,,"0,00 zł","4,32 zł"
inne,20230301,52,42,10,,1000,1000,,,"0,00 zł","4,32 zł"
inne,20230401,11,10,1,,384,,83,,"358,62 zł","4,32 zł"
inne,20230501,304,106,198,,474,474,,,"0,00 zł","4,32 zł"
inne,20230601,847,301,546,,452,80,83,,"358,62 zł","4,32 zł"
inne,20230901,1,1,,,399,399,,,"0,00 zł","4,32 zł"
inne,20231001,1,1,,,379,379,,,"0,00 zł","4,32 zł"
inne,20231101,2,2,,,798,798,,,"0,00 zł","4,32 zł"
leżaki reklamowe,20240101,198,28,170,,18984,2771,3710,,"16 029,78 zł","4,32 zł"
leżaki reklamowe,20230101,108,46,62,,10443,3909,1384,,"5 979,84 zł","4,32 zł"
leżaki reklamowe,20230201,409,369,40,,36419,31861,960,,"4 147,87 zł","4,32 zł"
leżaki reklamowe,20240201,400,390,10,,36579,35630,220,,"950,55 zł","4,32 zł"
leżaki reklamowe,20230301,206,166,40,,23582,18624,1056,,"4 562,65 zł","4,32 zł"
leżaki reklamowe,20230401,255,170,79,6,27642,18705,1783,158,"7 703,80 zł","4,32 zł"
leżaki reklamowe,20230501,972,827,145,,99175,84446,3244,,"14 016,33 zł","4,32 zł"
leżaki reklamowe,20230601,1534,1072,456,6,154957,109377,10062,144,"43 474,83 zł","4,32 zł"
leżaki reklamowe,20230701,836,729,107,,85823,75010,2436,,"10 525,21 zł","4,32 zł"
leżaki reklamowe,20230801,903,646,257,,92576,65173,6134,,"26 503,14 zł","4,32 zł"
leżaki reklamowe,20230901,421,382,39,,42847,38746,888,,"3 836,78 zł","4,32 zł"
leżaki reklamowe,20231001,135,117,18,,12673,10686,432,,"1 866,54 zł","4,32 zł"
leżaki reklamowe,20231101,164,138,26,,16891,14224,612,,"2 644,27 zł","4,32 zł"
leżaki reklamowe,20231201,136,126,10,,14594,13294,300,,"1 296,21 zł","4,32 zł"
malo,20230101,28,24,4,,29478,28800,144,,"622,18 zł","4,32 zł"
malo,20230201,2,2,,,478,478,,,"0,00 zł","4,32 zł"
malo,20230301,28,,28,,7906,,1680,,"7 258,77 zł","4,32 zł"
malo,20230501,27,27,,,4880,4880,,,"0,00 zł","4,32 zł"
malo,20230601,2,2,,,340,340,,,"0,00 zł","4,32 zł"
malo,20231101,4,4,,,1596,1596,,,"0,00 zł","4,32 zł"
meble reklamowe,20240101,110,59,51,,37749,23421,3286,,"14 197,80 zł","4,32 zł"
meble reklamowe,20230101,44,14,30,,11542,3691,1670,,"7 215,56 zł","4,32 zł"
meble reklamowe,20230201,76,51,25,,24928,14781,2140,,"9 246,29 zł","4,32 zł"
meble reklamowe,20240201,163,121,42,,51587,37115,3347,,"14 461,37 zł","4,32 zł"
meble reklamowe,20230301,122,92,30,,37555,27997,2033,,"8 783,97 zł","4,32 zł"
meble reklamowe,20230401,115,85,30,,47166,37785,2018,,"8 719,16 zł","4,32 zł"
meble reklamowe,20230501,289,201,88,,112632,73314,8641,,"37 335,13 zł","4,32 zł"
meble reklamowe,20230601,110,65,45,,32984,19877,2941,,"12 707,16 zł","4,32 zł"
meble reklamowe,20230701,306,286,20,,96811,91332,1230,,"5 314,45 zł","4,32 zł"
meble reklamowe,20230801,289,204,85,,83352,58754,5504,,"23 781,11 zł","4,32 zł"
meble reklamowe,20230901,200,104,96,,73900,40387,7244,,"31 299,11 zł","4,32 zł"
meble reklamowe,20231001,128,78,50,,44393,28824,3464,,"14 966,89 zł","4,32 zł"
meble reklamowe,20231101,183,167,16,,61962,57405,1039,,"4 489,20 zł","4,32 zł"
meble reklamowe,20231201,178,134,44,,66495,53272,3046,,"13 160,84 zł","4,32 zł"
media do druku,20240101,7,7,,,280,280,,,"0,00 zł","4,32 zł"
media do druku,20230101,7,7,,,624,624,,,"0,00 zł","4,32 zł"
media do druku,20230201,4,1,3,,20,20,,,"0,00 zł","4,32 zł"
media do druku,20240201,2,1,1,,291,140,35,,"151,22 zł","4,32 zł"
media do druku,20230301,46,6,40,,450,450,,,"0,00 zł","4,32 zł"
media do druku,20230401,1,1,,,100,100,,,"0,00 zł","4,32 zł"
media do druku,20230501,3,3,,,276,276,,,"0,00 zł","4,32 zł"
media do druku,20230601,15,15,,,600,600,,,"0,00 zł","4,32 zł"
media do druku,20230701,13,13,,,312,312,,,"0,00 zł","4,32 zł"
media do druku,20230901,39,39,,,187,187,,,"0,00 zł","4,32 zł"
media do druku,20231001,33,33,,,1975,1975,,,"0,00 zł","4,32 zł"
media do druku,20231101,12,12,,,497,497,,,"0,00 zł","4,32 zł"
modular,20240101,1,,,1,121,,,30,"0,00 zł","4,32 zł"
modular,20231001,1,,1,,200,,45,,"194,43 zł","4,32 zł"
namioty,20240101,41,15,26,,151670,51683,22935,,"99 095,14 zł","4,32 zł"
namioty,20230101,57,38,19,,177720,91853,18281,,"78 986,63 zł","4,32 zł"
namioty,20230201,56,43,13,,191386,144882,9775,,"42 234,79 zł","4,32 zł"
namioty,20240201,43,24,17,2,173203,101544,15456,1189,"66 780,66 zł","4,32 zł"
namioty,20230301,59,28,31,,259777,106352,32659,,"141 109,58 zł","4,32 zł"
namioty,20230401,92,58,34,,359834,225738,28968,,"125 161,89 zł","4,32 zł"
namioty,20230501,139,108,31,,564374,412397,33598,,"145 166,71 zł","4,32 zł"
namioty,20230601,245,204,41,,656529,451183,45891,,"198 281,01 zł","4,32 zł"
namioty,20230701,154,85,69,,652809,357547,66346,,"286 660,83 zł","4,32 zł"
namioty,20230801,133,104,29,,498026,362768,30371,,"131 223,83 zł","4,32 zł"
namioty,20230901,97,81,16,,326819,262793,14060,,"60 748,97 zł","4,32 zł"
namioty,20231001,59,43,16,,253764,148676,23107,,"99 838,30 zł","4,32 zł"
namioty,20231101,45,30,15,,200027,124139,17204,,"74 333,24 zł","4,32 zł"
namioty,20231201,82,68,14,,319864,253458,15321,,"66 197,37 zł","4,32 zł"
namioty akcesoria,20240101,13,2,11,,3938,1038,661,,"2 855,98 zł","4,32 zł"
namioty akcesoria,20230101,13,2,11,,1708,960,159,,"686,99 zł","4,32 zł"
namioty akcesoria,20230201,5,5,,,2927,2927,,,"0,00 zł","4,32 zł"
namioty akcesoria,20240201,12,7,5,,5766,3863,440,,"1 901,11 zł","4,32 zł"
namioty akcesoria,20230301,7,3,4,,4382,1707,570,,"2 462,80 zł","4,32 zł"
namioty akcesoria,20230401,40,31,9,,20096,15624,974,,"4 208,36 zł","4,32 zł"
namioty akcesoria,20230501,31,29,2,,10387,9205,261,,"1 127,70 zł","4,32 zł"
namioty akcesoria,20230601,14,10,4,,5448,3145,514,,"2 220,84 zł","4,32 zł"
namioty akcesoria,20230701,16,14,2,,9878,8641,278,,"1 201,15 zł","4,32 zł"
namioty akcesoria,20230801,24,12,12,,16262,7829,1897,,"8 196,36 zł","4,32 zł"
namioty akcesoria,20230901,21,14,7,,8356,8029,70,,"302,45 zł","4,32 zł"
namioty akcesoria,20231001,16,6,10,,4380,3484,201,,"868,46 zł","4,32 zł"
namioty akcesoria,20231101,13,12,1,,7091,6608,111,,"479,60 zł","4,32 zł"
namioty akcesoria,20231201,8,7,1,,4942,4281,152,,"656,75 zł","4,32 zł"
outdoor,20240101,8,8,,,1200,1200,,,"0,00 zł","4,32 zł"
outdoor,20231001,4,,4,,714,,156,,"674,03 zł","4,32 zł"
outdoor,20231201,8,8,,,1214,1214,,,"0,00 zł","4,32 zł"
outdoor akcesoria,20240101,280,189,91,,32267,20214,2762,,"11 933,76 zł","4,32 zł"
outdoor akcesoria,20230101,234,103,131,,20800,8190,2674,,"11 553,54 zł","4,32 zł"
outdoor akcesoria,20230201,110,103,7,,12421,11173,261,,"1 127,70 zł","4,32 zł"
outdoor akcesoria,20240201,186,151,35,,22647,20499,496,,"2 143,06 zł","4,32 zł"
outdoor akcesoria,20230301,309,252,57,,36135,27441,1852,,"8 001,93 zł","4,32 zł"
outdoor akcesoria,20230401,425,358,67,,73059,59149,3015,,"13 026,90 zł","4,32 zł"
outdoor akcesoria,20230501,662,556,106,,82630,61365,4662,,"20 143,08 zł","4,32 zł"
outdoor akcesoria,20230601,434,305,125,4,52942,37811,3274,116,"14 145,96 zł","4,32 zł"
outdoor akcesoria,20230701,510,404,106,,65564,55804,2193,,"9 475,28 zł","4,32 zł"
outdoor akcesoria,20230801,372,335,37,,48536,44062,1002,,"4 329,34 zł","4,32 zł"
outdoor akcesoria,20230901,446,392,54,,53018,46627,1395,,"6 027,37 zł","4,32 zł"
outdoor akcesoria,20231001,230,220,10,,37823,35309,555,,"2 397,99 zł","4,32 zł"
outdoor akcesoria,20231101,340,322,18,,40324,34047,1432,,"6 187,24 zł","4,32 zł"
outdoor akcesoria,20231201,145,138,7,,20286,18202,481,,"2 078,25 zł","4,32 zł"
potykacze,20240101,6,6,,,5315,5315,,,"0,00 zł","4,32 zł"
potykacze,20230101,5,5,,,1600,1600,,,"0,00 zł","4,32 zł"
potykacze,20230201,2,2,,,600,600,,,"0,00 zł","4,32 zł"
potykacze,20240201,5,3,1,1,4075,2152,200,261,"864,14 zł","4,32 zł"
potykacze,20230301,4,3,1,,2748,1112,350,,"1 512,24 zł","4,32 zł"
potykacze,20230401,14,14,,,17531,17531,,,"0,00 zł","4,32 zł"
potykacze,20230501,4,4,,,1299,1299,,,"0,00 zł","4,32 zł"
potykacze,20230601,3,,3,,3466,,777,,"3 357,18 zł","4,32 zł"
potykacze,20230701,103,103,,,31247,31247,,,"0,00 zł","4,32 zł"
potykacze,20230801,4,4,,,1486,1486,,,"0,00 zł","4,32 zł"
potykacze,20230901,2,2,,,1723,1723,,,"0,00 zł","4,32 zł"
potykacze,20231001,5,5,,,3816,3816,,,"0,00 zł","4,32 zł"
potykacze,20231101,13,12,1,,11571,8479,693,,"2 994,24 zł","4,32 zł"
potykacze,20231201,3,3,,,3659,3659,,,"0,00 zł","4,32 zł"
półprodukty,20240101,76,39,36,1,226271,195080,6683,480,"28 875,20 zł","4,32 zł"
półprodukty,20230101,54,27,27,,16636,14172,524,,"2 264,04 zł","4,32 zł"
półprodukty,20230201,169,9,160,,16913,13924,629,,"2 717,72 zł","4,32 zł"
półprodukty,20240201,49,35,14,,48956,44943,926,,"4 000,96 zł","4,32 zł"
półprodukty,20230301,175,163,12,,49217,21091,5978,,"25 829,11 zł","4,32 zł"
półprodukty,20230401,299,208,57,34,91917,32858,12490,286,"53 965,48 zł","4,32 zł"
półprodukty,20230501,313,77,236,,11977,9179,619,,"2 674,51 zł","4,32 zł"
półprodukty,20230601,125,86,36,3,135801,31367,22545,877,"97 410,07 zł","4,32 zł"
półprodukty,20230701,39,20,18,1,19605,695,4247,5,"18 349,99 zł","4,32 zł"
półprodukty,20230801,37,28,9,,19133,18718,93,,"401,82 zł","4,32 zł"
półprodukty,20230901,3223,3202,21,,83435,34080,10733,,"46 374,02 zł","4,32 zł"
półprodukty,20231001,95,54,40,1,119976,80620,7900,840,"34 133,49 zł","4,32 zł"
półprodukty,20231101,111,81,29,1,106539,102525,400,560,"1 728,28 zł","4,32 zł"
półprodukty,20231201,232,22,10,200,216697,9250,46264,1740,"199 892,63 zł","4,32 zł"
ramy tekstylne akcesoria,20240101,352,53,299,,17585,4856,2909,,"12 568,90 zł","4,32 zł"
ramy tekstylne akcesoria,20230101,260,129,131,,27908,12537,3271,,"14 132,99 zł","4,32 zł"
ramy tekstylne akcesoria,20230201,185,51,134,,20877,7855,2752,,"11 890,55 zł","4,32 zł"
ramy tekstylne akcesoria,20240201,261,135,126,,18955,16958,462,,"1 996,16 zł","4,32 zł"
ramy tekstylne akcesoria,20230301,382,217,165,,35793,21931,2953,,"12 759,01 zł","4,32 zł"
ramy tekstylne akcesoria,20230401,145,42,103,,18791,5084,2950,,"12 746,05 zł","4,32 zł"
ramy tekstylne akcesoria,20230501,460,317,143,,32818,23857,1979,,"8 550,66 zł","4,32 zł"
ramy tekstylne akcesoria,20230601,161,106,55,,16959,10561,1429,,"6 174,27 zł","4,32 zł"
ramy tekstylne akcesoria,20230701,121,77,44,,3597,1325,511,,"2 207,88 zł","4,32 zł"
ramy tekstylne akcesoria,20230801,176,93,83,,11762,9282,556,,"2 402,31 zł","4,32 zł"
ramy tekstylne akcesoria,20230901,708,569,129,10,23224,17105,1287,50,"5 560,73 zł","4,32 zł"
ramy tekstylne akcesoria,20231001,179,120,59,,30702,12248,4108,,"17 749,42 zł","4,32 zł"
ramy tekstylne akcesoria,20231101,154,99,55,,22752,10720,2724,,"11 769,57 zł","4,32 zł"
ramy tekstylne akcesoria,20231201,96,78,18,,20545,18059,573,,"2 475,76 zł","4,32 zł"
ramy tekstylne custom niepodświetlane,20240101,24,8,16,,26261,11177,3443,,"14 876,15 zł","4,32 zł"
ramy tekstylne custom niepodświetlane,20230101,15,13,2,,36927,20179,3570,,"15 424,88 zł","4,32 zł"
ramy tekstylne custom niepodświetlane,20230201,22,16,6,,19974,16970,629,,"2 717,72 zł","4,32 zł"
ramy tekstylne custom niepodświetlane,20240201,19,15,4,,31609,25160,1485,,"6 416,23 zł","4,32 zł"
ramy tekstylne custom niepodświetlane,20230301,61,39,22,,60896,49505,2420,,"10 456,08 zł","4,32 zł"
ramy tekstylne custom niepodświetlane,20230401,154,29,125,,70508,24130,10023,,"43 306,33 zł","4,32 zł"
ramy tekstylne custom niepodświetlane,20230501,147,40,107,,89672,50651,8529,,"36 851,21 zł","4,32 zł"
ramy tekstylne custom niepodświetlane,20230601,13,13,,,11670,11670,,,"0,00 zł","4,32 zł"
ramy tekstylne custom niepodświetlane,20230701,18,18,,,12491,12491,,,"0,00 zł","4,32 zł"
ramy tekstylne custom niepodświetlane,20230801,10,3,7,,9601,3792,1309,,"5 655,79 zł","4,32 zł"
ramy tekstylne custom niepodświetlane,20230901,23,14,9,,30384,22358,1738,,"7 509,37 zł","4,32 zł"
ramy tekstylne custom niepodświetlane,20231001,3,1,2,,7478,1970,1205,,"5 206,44 zł","4,32 zł"
ramy tekstylne custom niepodświetlane,20231101,6,4,2,,6883,4085,630,,"2 722,04 zł","4,32 zł"
ramy tekstylne custom niepodświetlane,20231201,16,10,6,,12868,9872,692,,"2 989,92 zł","4,32 zł"
ramy tekstylne custom podświetlane,20240101,47,8,39,,135531,38984,22137,,"95 647,23 zł","4,32 zł"
ramy tekstylne custom podświetlane,20230101,27,14,13,,83025,41194,8904,,"38 471,47 zł","4,32 zł"
ramy tekstylne custom podświetlane,20230201,30,10,20,,109127,31282,16382,,"70 781,63 zł","4,32 zł"
ramy tekstylne custom podświetlane,20240201,53,20,33,,176385,58858,27077,,"116 991,46 zł","4,32 zł"
ramy tekstylne custom podświetlane,20230301,44,20,24,,172094,67583,22290,,"96 308,29 zł","4,32 zł"
ramy tekstylne custom podświetlane,20230401,38,11,27,,103044,37460,14148,,"61 129,19 zł","4,32 zł"
ramy tekstylne custom podświetlane,20230501,63,32,31,,218855,154662,14172,,"61 232,89 zł","4,32 zł"
ramy tekstylne custom podświetlane,20230601,42,8,34,,96926,46458,11307,,"48 854,10 zł","4,32 zł"
ramy tekstylne custom podświetlane,20230701,17,3,14,,46219,5199,9235,,"39 901,62 zł","4,32 zł"
ramy tekstylne custom podświetlane,20230801,32,14,18,,170464,93785,17209,,"74 354,84 zł","4,32 zł"
ramy tekstylne custom podświetlane,20230901,49,27,22,,211955,122289,19477,,"84 154,18 zł","4,32 zł"
ramy tekstylne custom podświetlane,20231001,24,19,5,,104129,87133,3746,,"16 185,32 zł","4,32 zł"
ramy tekstylne custom podświetlane,20231101,69,54,15,,126893,94051,7464,,"32 249,67 zł","4,32 zł"
ramy tekstylne custom podświetlane,20231201,56,38,18,,145142,108509,8472,,"36 604,93 zł","4,32 zł"
ramy tekstylne p&p,20240101,284,112,172,,445709,189492,58707,,"253 655,04 zł","4,32 zł"
ramy tekstylne p&p,20230101,314,152,162,,634248,297021,71807,,"310 256,15 zł","4,32 zł"
ramy tekstylne p&p,20230201,371,168,203,,653850,325345,69234,,"299 139,00 zł","4,32 zł"
ramy tekstylne p&p,20240201,477,172,298,7,742203,297898,101081,1768,"436 740,17 zł","4,32 zł"
ramy tekstylne p&p,20230301,422,176,246,,777829,356822,89690,,"387 523,13 zł","4,32 zł"
ramy tekstylne p&p,20230401,385,128,257,,586039,230528,76822,,"331 924,43 zł","4,32 zł"
ramy tekstylne p&p,20230501,341,128,213,,542762,204506,74526,,"322 004,12 zł","4,32 zł"
ramy tekstylne p&p,20230601,227,121,106,,347589,205359,31830,,"137 527,72 zł","4,32 zł"
ramy tekstylne p&p,20230701,119,59,60,,214208,116201,22024,,"95 158,99 zł","4,32 zł"
ramy tekstylne p&p,20230801,228,134,94,,411036,246825,36783,,"158 928,12 zł","4,32 zł"
ramy tekstylne p&p,20230901,426,256,166,4,753434,432691,65478,4168,"282 910,47 zł","4,32 zł"
ramy tekstylne p&p,20231001,435,244,191,,714618,360477,78715,,"340 103,51 zł","4,32 zł"
ramy tekstylne p&p,20231101,456,244,212,,641217,360545,63733,,"275 370,85 zł","4,32 zł"
ramy tekstylne p&p,20231201,213,135,78,,342361,233073,25213,,"108 937,68 zł","4,32 zł"
ramy tekstylne standard niepodświetlane,20240101,7,5,2,,8129,6564,359,,"1 551,13 zł","4,32 zł"
ramy tekstylne standard niepodświetlane,20230201,13,12,1,,29502,27807,357,,"1 542,49 zł","4,32 zł"
ramy tekstylne standard niepodświetlane,20240201,34,30,4,,46754,39503,1678,,"7 250,13 zł","4,32 zł"
ramy tekstylne standard niepodświetlane,20230301,19,18,1,,22805,20578,474,,"2 048,01 zł","4,32 zł"
ramy tekstylne standard niepodświetlane,20230401,4,1,3,,9327,1793,1617,,"6 986,56 zł","4,32 zł"
ramy tekstylne standard niepodświetlane,20230501,9,9,,,10428,10428,,,"0,00 zł","4,32 zł"
ramy tekstylne standard niepodświetlane,20230601,7,6,1,,13473,11357,474,,"2 048,01 zł","4,32 zł"
ramy tekstylne standard niepodświetlane,20230701,6,6,,,8355,8355,,,"0,00 zł","4,32 zł"
ramy tekstylne standard niepodświetlane,20230801,16,9,7,,19164,12149,1568,,"6 774,85 zł","4,32 zł"
ramy tekstylne standard niepodświetlane,20230901,16,16,,,22507,22507,,,"0,00 zł","4,32 zł"
ramy tekstylne standard niepodświetlane,20231001,13,11,2,,14938,13118,408,,"1 762,84 zł","4,32 zł"
ramy tekstylne standard niepodświetlane,20231101,3,2,1,,5246,4678,131,,"566,01 zł","4,32 zł"
ramy tekstylne standard niepodświetlane,20231201,9,4,5,,3836,616,743,,"3 210,28 zł","4,32 zł"
ramy tekstylne standard podświetlane,20240101,22,7,15,,113961,34152,18278,,"78 973,66 zł","4,32 zł"
ramy tekstylne standard podświetlane,20230101,22,1,21,,100480,5186,20279,,"87 619,37 zł","4,32 zł"
ramy tekstylne standard podświetlane,20230201,9,6,3,,46622,25224,4527,,"19 559,79 zł","4,32 zł"
ramy tekstylne standard podświetlane,20240201,30,19,11,,110164,64757,10487,,"45 311,13 zł","4,32 zł"
ramy tekstylne standard podświetlane,20230301,22,9,13,,107498,34663,15508,,"67 005,34 zł","4,32 zł"
ramy tekstylne standard podświetlane,20230401,16,2,14,,74578,3452,15330,,"66 236,25 zł","4,32 zł"
ramy tekstylne standard podświetlane,20230501,21,12,9,,89116,50501,8542,,"36 907,38 zł","4,32 zł"
ramy tekstylne standard podświetlane,20230601,12,5,7,,56365,27409,6471,,"27 959,22 zł","4,32 zł"
ramy tekstylne standard podświetlane,20230701,10,7,3,,37044,29503,1696,,"7 327,90 zł","4,32 zł"
ramy tekstylne standard podświetlane,20230801,9,5,4,,33067,17546,3473,,"15 005,77 zł","4,32 zł"
ramy tekstylne standard podświetlane,20230901,19,10,9,,81066,51770,6410,,"27 695,65 zł","4,32 zł"
ramy tekstylne standard podświetlane,20231001,25,16,9,,119676,80537,8620,,"37 244,39 zł","4,32 zł"
ramy tekstylne standard podświetlane,20231101,44,31,13,,142235,101518,9239,,"39 918,90 zł","4,32 zł"
ramy tekstylne standard podświetlane,20231201,9,6,3,,42003,28491,3119,,"13 476,25 zł","4,32 zł"
rental,20240101,2,2,,,1628,1628,,,"0,00 zł","4,32 zł"
rental,20230101,26,26,,,9498,9498,,,"0,00 zł","4,32 zł"
rental,20240201,49,49,,,4105,4105,,,"0,00 zł","4,32 zł"
rental,20230301,16,16,,,4060,4060,,,"0,00 zł","4,32 zł"
rental,20230501,136,136,,,12628,12628,,,"0,00 zł","4,32 zł"
rental,20230601,2,2,,,100,100,,,"0,00 zł","4,32 zł"
rental,20230901,2,2,,,400,400,,,"0,00 zł","4,32 zł"
rental,20231001,10,10,,,10,10,,,"0,00 zł","4,32 zł"
rental,20231101,2,2,,,530,530,,,"0,00 zł","4,32 zł"
rollupy,20240101,443,424,19,,86687,81759,1125,,"4 860,78 zł","4,32 zł"
rollupy,20230101,199,189,10,,61669,59008,566,,"2 445,51 zł","4,32 zł"
rollupy,20230201,560,557,3,,80730,79953,164,,"708,59 zł","4,32 zł"
rollupy,20240201,303,279,24,,74399,68568,1349,,"5 828,62 zł","4,32 zł"
rollupy,20230301,387,312,75,,104753,85020,4203,,"18 159,88 zł","4,32 zł"
rollupy,20230401,348,337,11,,73582,70752,613,,"2 648,59 zł","4,32 zł"
rollupy,20230501,338,314,24,,80371,73040,1609,,"6 952,00 zł","4,32 zł"
rollupy,20230601,305,288,17,,81668,77992,825,,"3 564,57 zł","4,32 zł"
rollupy,20230701,200,180,20,,65560,62138,769,,"3 322,61 zł","4,32 zł"
rollupy,20230801,321,312,9,,94129,91498,589,,"2 544,89 zł","4,32 zł"
rollupy,20230901,391,383,8,,99111,96613,544,,"2 350,46 zł","4,32 zł"
rollupy,20231001,557,532,25,,125854,117814,1777,,"7 677,88 zł","4,32 zł"
rollupy,20231101,822,661,161,,188630,159034,6742,,"29 130,13 zł","4,32 zł"
rollupy,20231201,345,342,3,,117134,116398,170,,"734,52 zł","4,32 zł"
rollupy akcesoria,20240101,2,2,,,350,350,,,"0,00 zł","4,32 zł"
rollupy akcesoria,20230101,53,50,3,,8160,8089,15,,"64,81 zł","4,32 zł"
rollupy akcesoria,20240201,1,1,,,95,95,,,"0,00 zł","4,32 zł"
rollupy akcesoria,20230501,10,10,,,940,940,,,"0,00 zł","4,32 zł"
rollupy akcesoria,20230601,1,1,,,100,100,,,"0,00 zł","4,32 zł"
rollupy akcesoria,20230801,2,2,,,190,190,,,"0,00 zł","4,32 zł"
rollupy akcesoria,20230901,23,,23,,1535,,334,,"1 443,11 zł","4,32 zł"
rollupy akcesoria,20231101,13,13,,,1000,1000,,,"0,00 zł","4,32 zł"
rollupy akcesoria,20231201,3,3,,,360,360,,,"0,00 zł","4,32 zł"
słupy,20240101,27,11,16,,21550,8497,2993,,"12 931,84 zł","4,32 zł"
słupy,20230101,4,3,1,,3462,2475,210,,"907,35 zł","4,32 zł"
słupy,20230201,23,20,3,,17760,14400,705,,"3 046,09 zł","4,32 zł"
słupy,20240201,31,8,22,1,25236,6565,4190,135,"18 103,71 zł","4,32 zł"
słupy,20230301,21,12,9,,18771,8750,2134,,"9 220,36 zł","4,32 zł"
słupy,20230401,61,20,41,,51103,15418,7671,,"33 144,05 zł","4,32 zł"
słupy,20230501,56,23,33,,53301,18935,7550,,"32 621,25 zł","4,32 zł"
słupy,20230601,40,13,27,,44478,14444,6725,,"29 056,67 zł","4,32 zł"
słupy,20230701,49,37,12,,44925,29772,3400,,"14 690,36 zł","4,32 zł"
słupy,20230801,23,15,8,,20667,14192,1449,,"6 260,69 zł","4,32 zł"
słupy,20230901,47,37,10,,40763,30630,2230,,"9 635,15 zł","4,32 zł"
słupy,20231001,18,12,6,,16798,11225,1227,,"5 301,49 zł","4,32 zł"
słupy,20231101,14,6,8,,14726,5285,2132,,"9 211,72 zł","4,32 zł"
słupy,20231201,22,4,18,,25723,4314,4936,,"21 326,95 zł","4,32 zł"
stoiska degustacyjne,20240101,25,16,9,,28054,20884,1636,,"7 068,66 zł","4,32 zł"
stoiska degustacyjne,20230101,6,1,5,,5169,769,934,,"4 035,53 zł","4,32 zł"
stoiska degustacyjne,20230201,16,12,4,,12567,8990,754,,"3 257,80 zł","4,32 zł"
stoiska degustacyjne,20240201,63,35,28,,60117,33157,6226,,"26 900,65 zł","4,32 zł"
stoiska degustacyjne,20230301,53,16,37,,39423,11964,5862,,"25 327,91 zł","4,32 zł"
stoiska degustacyjne,20230401,80,37,43,,68245,27725,8806,,"38 048,04 zł","4,32 zł"
stoiska degustacyjne,20230501,23,16,7,,18785,13491,1163,,"5 024,97 zł","4,32 zł"
stoiska degustacyjne,20230601,46,39,7,,37791,32722,1140,,"4 925,59 zł","4,32 zł"
stoiska degustacyjne,20230701,116,71,45,,91076,56230,7831,,"33 835,36 zł","4,32 zł"
stoiska degustacyjne,20230801,20,15,5,,16960,12831,924,,"3 992,32 zł","4,32 zł"
stoiska degustacyjne,20230901,61,56,5,,48507,44200,938,,"4 052,81 zł","4,32 zł"
stoiska degustacyjne,20231001,60,50,10,,48463,40737,1722,,"7 440,24 zł","4,32 zł"
stoiska degustacyjne,20231101,25,20,5,,18374,14615,848,,"3 663,95 zł","4,32 zł"
stoiska degustacyjne,20231201,8,4,4,,6223,3344,664,,"2 868,94 zł","4,32 zł"
stoiska degustacyjne akcesoria,20240101,5,1,4,,258,240,4,,"17,28 zł","4,32 zł"
stoiska degustacyjne akcesoria,20230101,4,2,2,,492,360,28,,"120,98 zł","4,32 zł"
stoiska degustacyjne akcesoria,20230201,11,6,5,,568,312,54,,"233,32 zł","4,32 zł"
stoiska degustacyjne akcesoria,20240201,49,28,21,,1393,1220,40,,"172,83 zł","4,32 zł"
stoiska degustacyjne akcesoria,20230301,145,5,140,,9780,600,1960,,"8 468,56 zł","4,32 zł"
stoiska degustacyjne akcesoria,20230401,51,50,1,,3275,3200,16,,"69,13 zł","4,32 zł"
stoiska degustacyjne akcesoria,20230501,13,3,10,,954,515,96,,"414,79 zł","4,32 zł"
stoiska degustacyjne akcesoria,20230601,15,15,,,822,822,,,"0,00 zł","4,32 zł"
stoiska degustacyjne akcesoria,20230701,13,,13,,62,,14,,"60,49 zł","4,32 zł"
stoiska degustacyjne akcesoria,20230801,2,,2,,142,,32,,"138,26 zł","4,32 zł"
stoiska degustacyjne akcesoria,20230901,5,5,,,750,750,,,"0,00 zł","4,32 zł"
stoiska degustacyjne akcesoria,20231001,9,5,4,,112,10,23,,"99,38 zł","4,32 zł"
stoiska degustacyjne akcesoria,20231101,16,10,6,,2026,2000,6,,"25,92 zł","4,32 zł"
stoiska degustacyjne akcesoria,20231201,57,,57,,2898,,669,,"2 890,54 zł","4,32 zł"
stojaki reklamowe,20240101,42,19,23,,24017,12867,2557,,"11 048,02 zł","4,32 zł"
stojaki reklamowe,20230101,32,28,4,,11543,9998,328,,"1 417,19 zł","4,32 zł"
stojaki reklamowe,20230201,32,31,1,,14140,13334,170,,"734,52 zł","4,32 zł"
stojaki reklamowe,20240201,31,30,1,,15615,15202,95,,"410,47 zł","4,32 zł"
stojaki reklamowe,20230301,44,40,4,,22137,20523,344,,"1 486,32 zł","4,32 zł"
stojaki reklamowe,20230401,19,16,3,,10952,9762,258,,"1 114,74 zł","4,32 zł"
stojaki reklamowe,20230501,27,20,7,,10459,7229,715,,"3 089,30 zł","4,32 zł"
stojaki reklamowe,20230601,24,21,3,,12639,11481,258,,"1 114,74 zł","4,32 zł"
stojaki reklamowe,20230701,13,10,3,,6026,4903,254,,"1 097,46 zł","4,32 zł"
stojaki reklamowe,20230801,35,33,2,,12719,11647,240,,"1 036,97 zł","4,32 zł"
stojaki reklamowe,20230901,31,27,4,,14978,12900,449,,"1 939,99 zł","4,32 zł"
stojaki reklamowe,20231001,25,20,5,,9823,7536,504,,"2 177,63 zł","4,32 zł"
stojaki reklamowe,20231101,24,21,3,,11748,9941,415,,"1 793,09 zł","4,32 zł"
stojaki reklamowe,20231201,20,18,2,,8636,7895,172,,"743,16 zł","4,32 zł"
stojaki reklamowe akcesoria,20240101,8,8,,,388,388,,,"0,00 zł","4,32 zł"
stojaki reklamowe akcesoria,20230201,11,11,,,417,417,,,"0,00 zł","4,32 zł"
stojaki reklamowe akcesoria,20240201,7,7,,,374,374,,,"0,00 zł","4,32 zł"
stojaki reklamowe akcesoria,20230301,4,4,,,220,220,,,"0,00 zł","4,32 zł"
stojaki reklamowe akcesoria,20230401,11,1,10,,194,55,30,,"129,62 zł","4,32 zł"
stojaki reklamowe akcesoria,20230501,3,2,1,,95,90,1,,"4,32 zł","4,32 zł"
stojaki reklamowe akcesoria,20230701,4,4,,,172,172,,,"0,00 zł","4,32 zł"
stojaki reklamowe akcesoria,20230801,2,,2,,152,,34,,"146,90 zł","4,32 zł"
stojaki reklamowe akcesoria,20230901,6,6,,,701,701,,,"0,00 zł","4,32 zł"
stojaki reklamowe akcesoria,20231001,7,7,,,369,369,,,"0,00 zł","4,32 zł"
stojaki reklamowe akcesoria,20231201,4,4,,,204,204,,,"0,00 zł","4,32 zł"
systemy podwieszane,20240101,14,6,8,,32608,14188,4226,,"18 259,26 zł","4,32 zł"
systemy podwieszane,20230101,13,6,7,,31343,12256,4058,,"17 533,38 zł","4,32 zł"
systemy podwieszane,20230201,18,8,10,,50410,23628,5651,,"24 416,25 zł","4,32 zł"
systemy podwieszane,20240201,29,9,20,,68723,21432,10922,,"47 190,63 zł","4,32 zł"
systemy podwieszane,20230301,18,6,12,,49882,18949,6586,,"28 456,10 zł","4,32 zł"
systemy podwieszane,20230401,19,4,15,,43829,5951,8167,,"35 287,12 zł","4,32 zł"
systemy podwieszane,20230501,9,5,4,,19896,12068,1716,,"7 414,31 zł","4,32 zł"
systemy podwieszane,20230601,6,4,2,,17508,10684,1525,,"6 589,06 zł","4,32 zł"
systemy podwieszane,20230801,16,8,8,,40139,18641,4820,,"20 825,75 zł","4,32 zł"
systemy podwieszane,20230901,16,6,10,,43485,13232,6546,,"28 283,27 zł","4,32 zł"
systemy podwieszane,20231001,26,7,19,,68585,15180,11710,,"50 595,34 zł","4,32 zł"
systemy podwieszane,20231101,10,2,8,,23580,3256,4575,,"19 767,18 zł","4,32 zł"
systemy podwieszane,20231201,7,4,3,,14030,6780,1675,,"7 237,16 zł","4,32 zł"
systemy podwieszane akcesoria,20240101,2,,2,,261,,60,,"259,24 zł","4,32 zł"
systemy podwieszane akcesoria,20230101,4,4,,,520,520,,,"0,00 zł","4,32 zł"
systemy podwieszane akcesoria,20240201,3,1,2,,143,100,10,,"43,21 zł","4,32 zł"
systemy podwieszane akcesoria,20230301,6,6,,,6,6,,,"0,00 zł","4,32 zł"
systemy podwieszane akcesoria,20230401,1,,1,,92,,20,,"86,41 zł","4,32 zł"
systemy podwieszane akcesoria,20230501,31,29,2,,971,633,74,,"319,73 zł","4,32 zł"
systemy podwieszane akcesoria,20230901,146,146,,,1065,1065,,,"0,00 zł","4,32 zł"
systemy podwieszane akcesoria,20231101,45,45,,,1080,1080,,,"0,00 zł","4,32 zł"
ścianki banerowe,20240101,18,15,3,,5551,4702,195,,"842,54 zł","4,32 zł"
ścianki banerowe,20230101,15,5,10,,5282,1978,701,,"3 028,81 zł","4,32 zł"
ścianki banerowe,20230201,12,11,1,,5102,4794,65,,"280,85 zł","4,32 zł"
ścianki banerowe,20240201,14,13,1,,5108,4787,74,,"319,73 zł","4,32 zł"
ścianki banerowe,20230301,22,15,7,,8915,6494,517,,"2 233,80 zł","4,32 zł"
ścianki banerowe,20230401,35,35,,,13626,13626,,,"0,00 zł","4,32 zł"
ścianki banerowe,20230501,36,36,,,15939,15939,,,"0,00 zł","4,32 zł"
ścianki banerowe,20230601,7,7,,,2149,2149,,,"0,00 zł","4,32 zł"
ścianki banerowe,20230701,9,7,2,,4289,3158,254,,"1 097,46 zł","4,32 zł"
ścianki banerowe,20230801,18,15,3,,7068,5929,255,,"1 101,78 zł","4,32 zł"
ścianki banerowe,20230901,11,11,,,4078,4078,,,"0,00 zł","4,32 zł"
ścianki banerowe,20231001,23,23,,,8409,8409,,,"0,00 zł","4,32 zł"
ścianki banerowe,20231101,10,10,,,3968,3968,,,"0,00 zł","4,32 zł"
ścianki banerowe,20231201,6,6,,,1768,1768,,,"0,00 zł","4,32 zł"
ścianki popup,20240101,1,1,,,1436,1436,,,"0,00 zł","4,32 zł"
ścianki popup,20230101,1,,1,,3901,,832,,"3 594,82 zł","4,32 zł"
ścianki popup,20230201,3,3,,,7691,7691,,,"0,00 zł","4,32 zł"
ścianki popup,20240201,5,5,,,10155,10155,,,"0,00 zł","4,32 zł"
ścianki popup,20230301,5,5,,,10448,10448,,,"0,00 zł","4,32 zł"
ścianki popup,20230401,2,2,,,2872,2872,,,"0,00 zł","4,32 zł"
ścianki popup,20230501,3,3,,,9178,9178,,,"0,00 zł","4,32 zł"
ścianki popup,20230601,4,3,1,,8631,4605,899,,"3 884,30 zł","4,32 zł"
ścianki popup,20230701,4,2,2,,10532,2522,1798,,"7 768,61 zł","4,32 zł"
ścianki popup,20230801,11,10,1,,14764,10480,958,,"4 139,23 zł","4,32 zł"
ścianki popup,20230901,4,4,,,6136,6136,,,"0,00 zł","4,32 zł"
ścianki popup,20231001,8,5,3,,25260,13619,2613,,"11 289,98 zł","4,32 zł"
ścianki popup,20231101,5,4,1,,13512,9447,927,,"4 005,28 zł","4,32 zł"
ścianki popup,20231201,2,2,,,5733,5733,,,"0,00 zł","4,32 zł"
tekstylia użytkowe,20240101,16,16,,,567,567,,,"0,00 zł","4,32 zł"
tekstylia użytkowe,20230401,200,200,,,11000,11000,,,"0,00 zł","4,32 zł"
tekstylia użytkowe,20230601,7,7,,,988,988,,,"0,00 zł","4,32 zł"
tekstylia użytkowe,20230701,1,1,,,119,119,,,"0,00 zł","4,32 zł"
tekstylia użytkowe,20230801,60,60,,,5070,5070,,,"0,00 zł","4,32 zł"
tekstylia użytkowe,20230901,1,1,,,154,154,,,"0,00 zł","4,32 zł"
tekstylia użytkowe,20231101,12,1,11,,966,154,183,,"790,69 zł","4,32 zł"
tekstylia użytkowe,20231201,1,1,,,52,52,,,"0,00 zł","4,32 zł"
trybunki reklamowe,20240101,367,104,263,,393901,113668,64202,,"277 397,26 zł","4,32 zł"
trybunki reklamowe,20230101,242,117,125,,242314,111766,27772,,"119 994,34 zł","4,32 zł"
trybunki reklamowe,20230201,381,143,238,,383854,141121,51243,,"221 405,37 zł","4,32 zł"
trybunki reklamowe,20240201,345,158,180,7,382101,177560,45239,2182,"195 463,92 zł","4,32 zł"
trybunki reklamowe,20230301,388,179,209,,419266,183967,50149,,"216 678,53 zł","4,32 zł"
trybunki reklamowe,20230401,428,233,194,1,421025,217105,43803,190,"189 259,40 zł","4,32 zł"
trybunki reklamowe,20230501,367,157,210,,374824,148418,49812,,"215 222,46 zł","4,32 zł"
trybunki reklamowe,20230601,370,191,179,,338841,173778,37038,,"160 029,90 zł","4,32 zł"
trybunki reklamowe,20230701,225,135,90,,220378,134868,19260,,"83 216,59 zł","4,32 zł"
trybunki reklamowe,20230801,346,145,201,,347384,140780,46411,,"200 527,78 zł","4,32 zł"
trybunki reklamowe,20230901,411,202,209,,440197,217419,48592,,"209 951,21 zł","4,32 zł"
trybunki reklamowe,20231001,493,232,261,,498999,241178,57118,,"246 789,46 zł","4,32 zł"
trybunki reklamowe,20231101,488,360,128,,436063,294133,32237,,"139 286,24 zł","4,32 zł"
trybunki reklamowe,20231201,547,406,141,,475048,331250,33187,,"143 390,90 zł","4,32 zł"
trybunki reklamowe akcesoria,20240101,6,5,1,,509,334,40,,"172,83 zł","4,32 zł"
trybunki reklamowe akcesoria,20230101,18,5,13,,2248,550,360,,"1 555,45 zł","4,32 zł"
trybunki reklamowe akcesoria,20230201,9,1,8,,1474,100,290,,"1 253,00 zł","4,32 zł"
trybunki reklamowe akcesoria,20240201,15,7,8,,1064,650,96,,"414,79 zł","4,32 zł"
trybunki reklamowe akcesoria,20230301,28,25,3,,870,471,85,,"367,26 zł","4,32 zł"
trybunki reklamowe akcesoria,20230401,30,1,29,,4281,240,880,,"3 802,21 zł","4,32 zł"
trybunki reklamowe akcesoria,20230501,62,24,38,,6511,922,1230,,"5 314,45 zł","4,32 zł"
trybunki reklamowe akcesoria,20230601,16,16,,,720,720,,,"0,00 zł","4,32 zł"
trybunki reklamowe akcesoria,20230701,8,1,7,,475,150,73,,"315,41 zł","4,32 zł"
trybunki reklamowe akcesoria,20230801,53,2,51,,9992,110,2227,,"9 622,19 zł","4,32 zł"
trybunki reklamowe akcesoria,20230901,13,11,2,,1612,1150,100,,"432,07 zł","4,32 zł"
trybunki reklamowe akcesoria,20231001,11,9,2,,1277,900,84,,"362,94 zł","4,32 zł"
trybunki reklamowe akcesoria,20231101,11,4,7,,1978,890,245,,"1 058,57 zł","4,32 zł"
trybunki reklamowe akcesoria,20231201,2,,2,,692,,160,,"691,31 zł","4,32 zł"
usługi,20240101,1239,710,526,3,226848,40337,41796,1025,"180 587,77 zł","4,32 zł"
usługi,20230101,1020,585,435,,187062,29491,33525,,"144 851,30 zł","4,32 zł"
usługi,20230201,1302,814,488,,209834,37345,36357,,"157 087,51 zł","4,32 zł"
usługi,20240201,1710,1025,678,7,334577,65693,56745,5802,"245 177,84 zł","4,32 zł"
usługi,20230301,1720,1050,670,,334830,58698,58843,,"254 242,66 zł","4,32 zł"
usługi,20230401,1464,826,636,2,291014,55371,48958,2036,"211 532,59 zł","4,32 zł"
usługi,20230501,1851,1231,620,,288530,75467,46944,,"202 830,71 zł","4,32 zł"
usługi,20230601,1358,852,504,2,252676,77345,37965,1393,"164 035,19 zł","4,32 zł"
usługi,20230701,880,571,309,,136252,38904,21892,,"94 588,65 zł","4,32 zł"
usługi,20230801,1339,873,466,,208325,63785,32402,,"139 999,16 zł","4,32 zł"
usługi,20230901,1937,1291,641,5,365620,82241,54825,7446,"236 882,10 zł","4,32 zł"
usługi,20231001,1840,1078,751,11,527318,91301,85825,11639,"370 823,65 zł","4,32 zł"
usługi,20231101,1593,1028,561,4,288857,73222,46682,2515,"201 698,68 zł","4,32 zł"
usługi,20231201,1023,670,347,6,151049,41987,22974,2399,"99 263,65 zł","4,32 zł"
usługi graficzne,20240101,276,220,56,,1486,1203,65,,"280,85 zł","4,32 zł"
usługi graficzne,20230101,58,41,17,,10792,6800,850,,"3 672,59 zł","4,32 zł"
usługi graficzne,20230201,58,42,16,,11857,8250,760,,"3 283,73 zł","4,32 zł"
usługi graficzne,20240201,225,172,53,,12338,10233,486,,"2 099,86 zł","4,32 zł"
usługi graficzne,20230301,114,95,19,,19906,15426,955,,"4 126,26 zł","4,32 zł"
usługi graficzne,20230401,81,65,16,,13481,9950,760,,"3 283,73 zł","4,32 zł"
usługi graficzne,20230501,143,132,11,,24024,20991,666,,"2 877,58 zł","4,32 zł"
usługi graficzne,20230601,86,61,25,,14446,9750,1050,,"4 536,73 zł","4,32 zł"
usługi graficzne,20230701,57,51,6,,9756,8400,305,,"1 317,81 zł","4,32 zł"
usługi graficzne,20230801,102,96,6,,16513,15128,310,,"1 339,42 zł","4,32 zł"
usługi graficzne,20230901,136,121,15,,19104,16930,475,,"2 052,33 zł","4,32 zł"
usługi graficzne,20231001,194,161,31,2,13711,10850,435,200,"1 879,50 zł","4,32 zł"
usługi graficzne,20231101,197,148,49,,18277,9650,1967,,"8 498,81 zł","4,32 zł"
usługi graficzne,20231201,229,195,34,,6353,4449,441,,"1 905,43 zł","4,32 zł"
usługi montażu,20230101,3,2,1,,38032,17000,4468,,"19 304,87 zł","4,32 zł"
usługi montażu,20230201,1,1,,,3780,3780,,,"0,00 zł","4,32 zł"
usługi montażu,20240201,2,2,,,14188,14188,,,"0,00 zł","4,32 zł"
usługi montażu,20230301,4,4,,,100396,100396,,,"0,00 zł","4,32 zł"
usługi montażu,20230401,6,5,1,,26556,26088,100,,"432,07 zł","4,32 zł"
usługi montażu,20230501,8,8,,,84459,84459,,,"0,00 zł","4,32 zł"
usługi montażu,20230601,1,1,,,4400,4400,,,"0,00 zł","4,32 zł"
usługi montażu,20230801,1,1,,,14921,14921,,,"0,00 zł","4,32 zł"
usługi montażu,20230901,12,12,,,,,,,"0,00 zł","4,32 zł"
usługi montażu,20231001,8,7,1,,90060,69662,4500,,"19 443,13 zł","4,32 zł"
usługi montażu,20231101,6,6,,,38198,38198,,,"0,00 zł","4,32 zł"
usunięte,20230601,12,12,,,48,48,,,"0,00 zł","4,32 zł"
vario akcesoria,20240101,115,47,68,,16777,6598,2326,,"10 049,94 zł","4,32 zł"
vario akcesoria,20230101,124,65,59,,19210,11657,1607,,"6 943,36 zł","4,32 zł"
vario akcesoria,20230201,138,84,54,,21312,8836,2630,,"11 363,43 zł","4,32 zł"
vario akcesoria,20240201,295,110,185,,41795,18342,5412,,"23 383,60 zł","4,32 zł"
vario akcesoria,20230301,245,123,122,,40099,21500,3966,,"17 135,88 zł","4,32 zł"
vario akcesoria,20230401,120,65,52,3,15257,7808,1439,183,"6 217,48 zł","4,32 zł"
vario akcesoria,20230501,135,55,80,,21156,11607,2113,,"9 129,63 zł","4,32 zł"
vario akcesoria,20230601,24,11,13,,4729,2069,593,,"2 562,17 zł","4,32 zł"
vario akcesoria,20230701,60,51,9,,9379,8922,103,,"445,03 zł","4,32 zł"
vario akcesoria,20230801,94,58,36,,18533,10574,1778,,"7 682,20 zł","4,32 zł"
vario akcesoria,20230901,194,100,94,,33253,17884,3361,,"14 521,86 zł","4,32 zł"
vario akcesoria,20231001,289,112,177,,32783,15902,3748,,"16 193,96 zł","4,32 zł"
vario akcesoria,20231101,138,95,43,,20973,15296,1279,,"5 526,17 zł","4,32 zł"
vario akcesoria,20231201,140,71,69,,19000,9690,2147,,"9 276,53 zł","4,32 zł"
vario crazy,20240101,33,13,20,,62437,19536,9847,,"42 545,88 zł","4,32 zł"
vario crazy,20230101,32,13,19,,61184,25420,7606,,"32 863,21 zł","4,32 zł"
vario crazy,20230201,42,19,23,,76944,25967,10726,,"46 343,77 zł","4,32 zł"
vario crazy,20240201,74,31,41,2,134199,42043,20765,581,"89 719,23 zł","4,32 zł"
vario crazy,20230301,82,52,30,,137281,83135,11551,,"49 908,35 zł","4,32 zł"
vario crazy,20230401,69,38,31,,110007,55185,11781,,"50 902,11 zł","4,32 zł"
vario crazy,20230501,70,37,33,,118982,57081,13670,,"59 063,90 zł","4,32 zł"
vario crazy,20230601,37,18,19,,76182,38143,8520,,"36 812,32 zł","4,32 zł"
vario crazy,20230701,20,7,13,,38605,10589,6295,,"27 198,78 zł","4,32 zł"
vario crazy,20230801,36,20,16,,70738,36701,7645,,"33 031,71 zł","4,32 zł"
vario crazy,20230901,85,62,23,,148643,96219,11386,,"49 195,43 zł","4,32 zł"
vario crazy,20231001,87,48,39,,163020,74098,19525,,"84 361,57 zł","4,32 zł"
vario crazy,20231101,57,32,25,,126043,59648,15048,,"65 017,82 zł","4,32 zł"
vario crazy,20231201,36,16,20,,59692,24005,8245,,"35 624,13 zł","4,32 zł"
vario klasyczne ścianki,20240101,82,62,20,,130534,96661,7750,,"33 485,39 zł","4,32 zł"
vario klasyczne ścianki,20230101,94,45,49,,181190,87117,20018,,"86 491,67 zł","4,32 zł"
vario klasyczne ścianki,20230201,102,73,29,,189349,130310,12454,,"53 809,94 zł","4,32 zł"
vario klasyczne ścianki,20240201,108,64,44,,152760,100624,12044,,"52 038,45 zł","4,32 zł"
vario klasyczne ścianki,20230301,167,135,32,,300445,232316,14505,,"62 671,68 zł","4,32 zł"
vario klasyczne ścianki,20230401,176,140,36,,300332,224908,16231,,"70 129,20 zł","4,32 zł"
vario klasyczne ścianki,20230501,208,144,64,,359789,238020,26889,,"116 179,17 zł","4,32 zł"
vario klasyczne ścianki,20230601,138,86,52,,224952,140200,19012,,"82 145,05 zł","4,32 zł"
vario klasyczne ścianki,20230701,87,71,16,,146675,121893,5569,,"24 061,95 zł","4,32 zł"
vario klasyczne ścianki,20230801,168,125,43,,273488,200890,16313,,"70 483,50 zł","4,32 zł"
vario klasyczne ścianki,20230901,286,223,63,,443020,351499,19968,,"86 275,64 zł","4,32 zł"
vario klasyczne ścianki,20231001,190,123,67,,322204,198530,27408,,"118 421,61 zł","4,32 zł"
vario klasyczne ścianki,20231101,141,113,28,,227808,185004,9718,,"41 988,51 zł","4,32 zł"
vario klasyczne ścianki,20231201,69,63,6,,103478,94371,2103,,"9 086,42 zł","4,32 zł"
vario light,20240101,490,256,234,,476796,258109,50084,,"216 397,69 zł","4,32 zł"
vario light,20230101,463,261,202,,526959,274046,53834,,"232 600,29 zł","4,32 zł"
vario light,20230201,497,233,264,,536718,227038,65299,,"282 137,06 zł","4,32 zł"
vario light,20240201,775,401,370,4,709677,381013,75335,614,"325 499,56 zł","4,32 zł"
vario light,20230301,802,436,366,,722695,372145,74686,,"322 695,43 zł","4,32 zł"
vario light,20230401,592,268,324,,594308,262230,71555,,"309 167,33 zł","4,32 zł"
vario light,20230501,639,324,315,,589422,262802,72044,,"311 280,15 zł","4,32 zł"
vario light,20230601,410,190,218,2,417736,199382,48229,636,"208 382,80 zł","4,32 zł"
vario light,20230701,382,231,151,,339606,206646,29892,,"129 154,21 zł","4,32 zł"
vario light,20230801,690,474,216,,529119,307712,49625,,"214 414,49 zł","4,32 zł"
vario light,20230901,751,476,275,,693678,396009,64940,,"280 585,93 zł","4,32 zł"
vario light,20231001,901,527,374,,767460,401755,80560,,"348 075,19 zł","4,32 zł"
vario light,20231101,1029,630,399,,788804,489210,68161,,"294 502,89 zł","4,32 zł"
vario light,20231201,583,332,251,,537586,327069,48598,,"209 977,14 zł","4,32 zł"
wydruk blockout,20240101,5,3,2,,919,700,50,,"216,03 zł","4,32 zł"
wydruk blockout,20230101,1,,1,,467,,100,,"432,07 zł","4,32 zł"
wydruk blockout,20230201,6,,6,,2268,,480,,"2 073,93 zł","4,32 zł"
wydruk blockout,20240201,15,15,,,1250,1250,,,"0,00 zł","4,32 zł"
wydruk blockout,20230301,15,15,,,375,375,,,"0,00 zł","4,32 zł"
wydruk blockout,20230401,2,1,1,,718,40,145,,"626,50 zł","4,32 zł"
wydruk blockout,20230501,17,17,,,455,455,,,"0,00 zł","4,32 zł"
wydruk blockout,20230601,6,3,3,,1658,194,330,,"1 425,83 zł","4,32 zł"
wydruk blockout,20230701,1,1,,,1026,1026,,,"0,00 zł","4,32 zł"
wydruk blockout,20230801,2,2,,,230,230,,,"0,00 zł","4,32 zł"
wydruk blockout,20231001,14,14,,,973,973,,,"0,00 zł","4,32 zł"
wydruk blockout adframe,20240101,40,9,8,23,9293,2670,781,802,"3 374,46 zł","4,32 zł"
wydruk blockout adframe,20230101,24,9,15,,6940,3115,814,,"3 517,05 zł","4,32 zł"
wydruk blockout adframe,20230201,20,4,16,,8029,1238,1428,,"6 169,95 zł","4,32 zł"
wydruk blockout adframe,20240201,20,15,5,,6301,5376,214,,"924,63 zł","4,32 zł"
wydruk blockout adframe,20230301,51,23,28,,16537,7822,1855,,"8 014,89 zł","4,32 zł"
wydruk blockout adframe,20230401,31,26,5,,5744,4586,248,,"1 071,53 zł","4,32 zł"
wydruk blockout adframe,20230501,25,5,20,,8213,942,1608,,"6 947,68 zł","4,32 zł"
wydruk blockout adframe,20230601,21,9,12,,6321,1920,980,,"4 234,28 zł","4,32 zł"
wydruk blockout adframe,20230701,12,,12,,3315,,745,,"3 218,92 zł","4,32 zł"
wydruk blockout adframe,20230801,2,2,,,1350,1350,,,"0,00 zł","4,32 zł"
wydruk blockout adframe,20230901,30,10,20,,15192,8754,1395,,"6 027,37 zł","4,32 zł"
wydruk blockout adframe,20231001,25,9,12,4,10372,3080,1166,482,"5 037,93 zł","4,32 zł"
wydruk blockout adframe,20231101,20,2,11,7,6894,1535,855,377,"3 694,19 zł","4,32 zł"
wydruk blockout adframe,20231201,16,3,12,1,5468,1268,940,33,"4 061,45 zł","4,32 zł"
wydruk blockout foldable,20240101,4,3,1,,1818,1400,96,,"414,79 zł","4,32 zł"
wydruk blockout foldable,20240201,12,3,9,,3884,1800,480,,"2 073,93 zł","4,32 zł"
wydruk blockout foldable,20230301,4,3,1,,2005,2000,1,,"4,32 zł","4,32 zł"
wydruk blockout foldable,20230501,1,1,,,250,250,,,"0,00 zł","4,32 zł"
wydruk blockout foldable,20230601,7,,7,,3064,,684,,"2 955,36 zł","4,32 zł"
wydruk blockout foldable,20230701,12,8,4,,5390,5000,88,,"380,22 zł","4,32 zł"
wydruk blockout foldable,20230801,15,9,6,,4707,3400,295,,"1 274,61 zł","4,32 zł"
wydruk blockout foldable,20230901,4,,4,,1215,,262,,"1 132,02 zł","4,32 zł"
wydruk blockout foldable,20231001,10,10,,,8850,8850,,,"0,00 zł","4,32 zł"
wydruk blockout foldable,20231101,4,2,2,,2525,1200,300,,"1 296,21 zł","4,32 zł"
wydruk blockout foldable,20231201,5,1,4,,2168,600,362,,"1 564,09 zł","4,32 zł"
wydruk blockout mframe,20240101,350,240,99,11,121631,70949,10761,894,"46 495,00 zł","4,32 zł"
wydruk blockout mframe,20230101,322,297,25,,85873,77447,1791,,"7 738,36 zł","4,32 zł"
wydruk blockout mframe,20230201,138,131,7,,45716,33421,2589,,"11 186,28 zł","4,32 zł"
wydruk blockout mframe,20240201,289,219,43,27,102884,69458,5751,2101,"24 848,32 zł","4,32 zł"
wydruk blockout mframe,20230301,287,233,54,,108793,85041,5055,,"21 841,11 zł","4,32 zł"
wydruk blockout mframe,20230401,265,194,71,,78713,56743,4729,,"20 432,57 zł","4,32 zł"
wydruk blockout mframe,20230501,415,397,18,,105722,99305,1420,,"6 135,39 zł","4,32 zł"
wydruk blockout mframe,20230601,133,109,24,,39685,30670,2017,,"8 714,84 zł","4,32 zł"
wydruk blockout mframe,20230701,15,15,,,5408,5408,,,"0,00 zł","4,32 zł"
wydruk blockout mframe,20230801,242,226,16,,82066,76326,1285,,"5 552,09 zł","4,32 zł"
wydruk blockout mframe,20230901,475,357,99,19,155947,122050,5819,1629,"25 142,12 zł","4,32 zł"
wydruk blockout mframe,20231001,872,614,174,84,194547,117726,10949,6423,"47 307,29 zł","4,32 zł"
wydruk blockout mframe,20231101,198,156,25,17,58675,50942,732,1105,"3 162,75 zł","4,32 zł"
wydruk blockout mframe,20231201,97,27,13,57,31172,10030,1023,4216,"4 420,07 zł","4,32 zł"
wydruk blockout multiframe,20240101,168,53,115,,65321,22532,9795,,"42 321,21 zł","4,32 zł"
wydruk blockout multiframe,20230101,132,41,91,,59994,21559,8193,,"35 399,45 zł","4,32 zł"
wydruk blockout multiframe,20230201,129,65,64,,49006,29780,4053,,"17 511,78 zł","4,32 zł"
wydruk blockout multiframe,20240201,169,104,65,,61053,38186,5288,,"22 847,84 zł","4,32 zł"
wydruk blockout multiframe,20230301,146,77,69,,64670,35321,6251,,"27 008,66 zł","4,32 zł"
wydruk blockout multiframe,20230401,119,42,77,,50107,15298,7496,,"32 387,93 zł","4,32 zł"
wydruk blockout multiframe,20230501,177,76,101,,72491,31694,9017,,"38 959,71 zł","4,32 zł"
wydruk blockout multiframe,20230601,83,50,33,,34341,22532,2642,,"11 415,28 zł","4,32 zł"
wydruk blockout multiframe,20230701,36,9,27,,13850,5528,1870,,"8 079,70 zł","4,32 zł"
wydruk blockout multiframe,20230801,134,21,113,,46371,9598,8272,,"35 740,79 zł","4,32 zł"
wydruk blockout multiframe,20230901,210,147,63,,106762,71190,7741,,"33 446,50 zł","4,32 zł"
wydruk blockout multiframe,20231001,171,71,100,,65219,28264,8150,,"35 213,66 zł","4,32 zł"
wydruk blockout multiframe,20231101,143,77,66,,59987,35538,5541,,"23 940,97 zł","4,32 zł"
wydruk blockout multiframe,20231201,33,13,20,,11431,5178,1444,,"6 239,08 zł","4,32 zł"
wydruk classic,20240101,5,5,,,217,217,,,"0,00 zł","4,32 zł"
wydruk classic,20230101,25,24,1,,1536,1536,,,"0,00 zł","4,32 zł"
wydruk classic,20230201,38,37,1,,2400,2400,,,"0,00 zł","4,32 zł"
wydruk classic,20240201,14,14,,,3352,3352,,,"0,00 zł","4,32 zł"
wydruk classic,20230301,42,38,4,,2626,2439,40,,"172,83 zł","4,32 zł"
wydruk classic,20230401,26,5,21,,1992,452,335,,"1 447,43 zł","4,32 zł"
wydruk classic,20230501,46,46,,,13601,13601,,,"0,00 zł","4,32 zł"
wydruk classic,20230601,4,4,,,2216,2216,,,"0,00 zł","4,32 zł"
wydruk classic,20230801,1,1,,,196,196,,,"0,00 zł","4,32 zł"
wydruk classic,20230901,2,2,,,2808,2808,,,"0,00 zł","4,32 zł"
wydruk classic,20231001,23,15,8,,4753,4058,153,,"661,07 zł","4,32 zł"
wydruk classic,20231101,10,10,,,2828,2828,,,"0,00 zł","4,32 zł"
wydruk flaga,20240101,16,4,12,,1538,566,222,,"959,19 zł","4,32 zł"
wydruk flaga,20230101,5,5,,,595,595,,,"0,00 zł","4,32 zł"
wydruk flaga,20240201,12,6,6,,1417,925,114,,"492,56 zł","4,32 zł"
wydruk flaga,20230301,18,2,16,,1514,315,256,,"1 106,10 zł","4,32 zł"
wydruk flaga,20230401,53,29,24,,7463,4792,582,,"2 514,64 zł","4,32 zł"
wydruk flaga,20230501,15,15,,,2458,2458,,,"0,00 zł","4,32 zł"
wydruk flaga,20230601,26,26,,,3530,3530,,,"0,00 zł","4,32 zł"
wydruk flaga,20230701,34,14,20,,3628,1670,440,,"1 901,11 zł","4,32 zł"
wydruk flaga,20230801,77,1,76,,4610,140,1002,,"4 329,34 zł","4,32 zł"
wydruk flaga,20230901,8,5,3,,659,431,51,,"220,36 zł","4,32 zł"
wydruk flaga,20231001,5,5,,,658,658,,,"0,00 zł","4,32 zł"
wydruk flaga,20231101,43,37,6,,5308,4862,102,,"440,71 zł","4,32 zł"
wydruk flaga,20231201,6,6,,,840,840,,,"0,00 zł","4,32 zł"
wydruk leżak premium,20230201,12,,12,,845,,180,,"777,73 zł","4,32 zł"
wydruk leżak premium,20230301,4,4,,,220,220,,,"0,00 zł","4,32 zł"
wydruk leżak premium,20230401,6,6,,,300,300,,,"0,00 zł","4,32 zł"
wydruk leżak premium,20230701,6,6,,,276,276,,,"0,00 zł","4,32 zł"
wydruk leżak premium,20231001,10,10,,,400,400,,,"0,00 zł","4,32 zł"
wydruk meble reklamowe,20240101,6,5,1,,810,610,46,,"198,75 zł","4,32 zł"
wydruk meble reklamowe,20230101,68,68,,,10849,10849,,,"0,00 zł","4,32 zł"
wydruk meble reklamowe,20230201,67,25,42,,10964,3611,1544,,"6 671,15 zł","4,32 zł"
wydruk meble reklamowe,20240201,34,9,25,,5069,1090,920,,"3 975,04 zł","4,32 zł"
wydruk meble reklamowe,20230301,32,31,1,,4899,4730,36,,"155,55 zł","4,32 zł"
wydruk meble reklamowe,20230401,40,28,12,,7170,5103,448,,"1 935,67 zł","4,32 zł"
wydruk meble reklamowe,20230501,62,52,10,,9430,6747,588,,"2 540,57 zł","4,32 zł"
wydruk meble reklamowe,20230601,39,32,7,,6199,4922,286,,"1 235,72 zł","4,32 zł"
wydruk meble reklamowe,20230701,20,18,2,,2552,2142,92,,"397,50 zł","4,32 zł"
wydruk meble reklamowe,20230801,42,22,20,,7698,4491,720,,"3 110,90 zł","4,32 zł"
wydruk meble reklamowe,20230901,41,8,33,,6881,1379,1208,,"5 219,40 zł","4,32 zł"
wydruk meble reklamowe,20231001,20,6,14,,3230,858,532,,"2 298,61 zł","4,32 zł"
wydruk meble reklamowe,20231101,69,43,26,,10074,5939,948,,"4 096,02 zł","4,32 zł"
wydruk meble reklamowe,20231201,16,14,2,,2102,1790,72,,"311,09 zł","4,32 zł"
wydruk namioty,20240101,11,,11,,6684,,1532,,"6 619,30 zł","4,32 zł"
wydruk namioty,20230101,116,86,30,,30787,19521,2404,,"10 386,95 zł","4,32 zł"
wydruk namioty,20230201,101,97,4,,33902,32228,354,,"1 529,53 zł","4,32 zł"
wydruk namioty,20240201,16,9,6,1,6010,2477,764,55,"3 301,01 zł","4,32 zł"
wydruk namioty,20230301,87,36,51,,40685,14098,5662,,"24 463,78 zł","4,32 zł"
wydruk namioty,20230401,33,16,17,,17828,5025,2766,,"11 951,04 zł","4,32 zł"
wydruk namioty,20230501,80,71,9,,30704,25805,1086,,"4 692,27 zł","4,32 zł"
wydruk namioty,20230601,116,83,33,,56409,30377,5847,,"25 263,10 zł","4,32 zł"
wydruk namioty,20230701,109,55,54,,46426,15782,6892,,"29 778,23 zł","4,32 zł"
wydruk namioty,20230801,28,8,20,,11101,3504,1703,,"7 358,14 zł","4,32 zł"
wydruk namioty,20230901,126,53,73,,55029,19896,7648,,"33 044,68 zł","4,32 zł"
wydruk namioty,20231001,19,5,14,,8956,864,1798,,"7 768,61 zł","4,32 zł"
wydruk namioty,20231101,39,20,19,,23795,7370,3709,,"16 025,46 zł","4,32 zł"
wydruk namioty,20231201,38,13,25,,16872,5039,2735,,"11 817,10 zł","4,32 zł"
wydruk namioty premium,20240101,16,5,11,,15950,5564,2384,,"10 300,54 zł","4,32 zł"
wydruk namioty premium,20230101,11,8,3,,5323,2974,500,,"2 160,35 zł","4,32 zł"
wydruk namioty premium,20230201,15,15,,,9084,9084,,,"0,00 zł","4,32 zł"
wydruk namioty premium,20240201,10,8,1,1,6801,2848,766,154,"3 309,65 zł","4,32 zł"
wydruk namioty premium,20230301,31,10,21,,26008,8238,3781,,"16 336,55 zł","4,32 zł"
wydruk namioty premium,20230401,122,102,20,,86346,71878,3131,,"13 528,10 zł","4,32 zł"
wydruk namioty premium,20230501,42,26,16,,25472,14144,2504,,"10 819,02 zł","4,32 zł"
wydruk namioty premium,20230601,43,10,33,,27780,7000,4666,,"20 160,36 zł","4,32 zł"
wydruk namioty premium,20230701,34,19,15,,39703,11455,6370,,"27 522,83 zł","4,32 zł"
wydruk namioty premium,20230801,16,11,5,,22345,13704,1935,,"8 360,54 zł","4,32 zł"
wydruk namioty premium,20230901,31,28,3,,22222,20330,411,,"1 775,81 zł","4,32 zł"
wydruk namioty premium,20231001,23,22,1,,15563,8999,1448,,"6 256,37 zł","4,32 zł"
wydruk namioty premium,20231101,18,12,6,,10160,5653,1035,,"4 471,92 zł","4,32 zł"
wydruk namioty premium,20231201,5,3,2,,3993,2572,327,,"1 412,87 zł","4,32 zł"
wydruk premium,20240101,14,9,5,,6799,4280,579,,"2 501,68 zł","4,32 zł"
wydruk premium,20230101,4,3,1,,1401,1260,30,,"129,62 zł","4,32 zł"
wydruk premium,20230201,29,1,28,,5969,552,1131,,"4 886,71 zł","4,32 zł"
wydruk premium,20240201,7,1,6,,3108,650,568,,"2 454,15 zł","4,32 zł"
wydruk premium,20230301,32,13,19,,6816,3892,623,,"2 691,79 zł","4,32 zł"
wydruk premium,20230401,366,6,360,,37916,4864,7096,,"30 659,65 zł","4,32 zł"
wydruk premium,20230501,135,4,131,,22909,1412,4736,,"20 462,81 zł","4,32 zł"
wydruk premium,20230601,4,4,,,280,280,,,"0,00 zł","4,32 zł"
wydruk premium,20230701,6,,6,,4757,,1074,,"4 640,43 zł","4,32 zł"
wydruk premium,20230801,22,22,,,4609,4609,,,"0,00 zł","4,32 zł"
wydruk premium,20230901,52,39,13,,11880,10030,398,,"1 719,64 zł","4,32 zł"
wydruk premium,20231001,23,6,17,,7455,2710,1052,,"4 545,37 zł","4,32 zł"
wydruk premium,20231101,9,7,2,,4806,3714,252,,"1 088,82 zł","4,32 zł"
wydruk premium,20231201,26,4,22,,6018,3149,662,,"2 860,30 zł","4,32 zł"
wydruk ramy tekstylne custom podświetlane,20240101,219,133,83,3,59187,32053,5958,270,"25 742,70 zł","4,32 zł"
wydruk ramy tekstylne custom podświetlane,20230101,212,150,62,,56705,37670,4047,,"17 485,85 zł","4,32 zł"
wydruk ramy tekstylne custom podświetlane,20230201,153,92,61,,46646,25440,4473,,"19 326,47 zł","4,32 zł"
wydruk ramy tekstylne custom podświetlane,20240201,311,254,44,13,75041,63976,1832,782,"7 915,51 zł","4,32 zł"
wydruk ramy tekstylne custom podświetlane,20230301,214,111,103,,80372,55066,5390,,"23 288,55 zł","4,32 zł"
wydruk ramy tekstylne custom podświetlane,20230401,164,98,66,,40981,23838,3685,,"15 921,76 zł","4,32 zł"
wydruk ramy tekstylne custom podświetlane,20230501,166,108,58,,66898,47224,4330,,"18 708,61 zł","4,32 zł"
wydruk ramy tekstylne custom podświetlane,20230601,127,50,77,,34254,13391,4661,,"20 138,76 zł","4,32 zł"
wydruk ramy tekstylne custom podświetlane,20230701,57,25,32,,7894,3757,930,,"4 018,25 zł","4,32 zł"
wydruk ramy tekstylne custom podświetlane,20230801,162,69,93,,38642,16261,5014,,"21 663,96 zł","4,32 zł"
wydruk ramy tekstylne custom podświetlane,20230901,232,107,124,1,59168,37018,4794,13,"20 713,41 zł","4,32 zł"
wydruk ramy tekstylne custom podświetlane,20231001,263,120,122,21,84052,46742,6943,1385,"29 998,59 zł","4,32 zł"
wydruk ramy tekstylne custom podświetlane,20231101,123,73,50,,37290,23808,3048,,"13 169,48 zł","4,32 zł"
wydruk ramy tekstylne custom podświetlane,20231201,133,81,48,4,33608,23307,2112,293,"9 125,31 zł","4,32 zł"
wydruk ramy tekstylne p&p,20240101,484,331,153,,78058,52041,5963,,"25 764,30 zł","4,32 zł"
wydruk ramy tekstylne p&p,20230101,273,171,102,,60402,36766,5026,,"21 715,81 zł","4,32 zł"
wydruk ramy tekstylne p&p,20230201,307,218,89,,70722,49907,4393,,"18 980,81 zł","4,32 zł"
wydruk ramy tekstylne p&p,20240201,537,342,195,,99494,60943,8904,,"38 471,47 zł","4,32 zł"
wydruk ramy tekstylne p&p,20230301,372,224,148,,82347,53020,6247,,"26 991,38 zł","4,32 zł"
wydruk ramy tekstylne p&p,20230401,352,231,121,,70995,46211,5353,,"23 128,68 zł","4,32 zł"
wydruk ramy tekstylne p&p,20230501,394,232,162,,83951,52091,7032,,"30 383,13 zł","4,32 zł"
wydruk ramy tekstylne p&p,20230601,194,110,84,,42017,26377,3497,,"15 109,47 zł","4,32 zł"
wydruk ramy tekstylne p&p,20230701,97,69,28,,20266,14234,1356,,"5 858,86 zł","4,32 zł"
wydruk ramy tekstylne p&p,20230801,307,150,157,,63171,33539,6637,,"28 676,45 zł","4,32 zł"
wydruk ramy tekstylne p&p,20230901,592,365,227,,126110,79545,10124,,"43 742,72 zł","4,32 zł"
wydruk ramy tekstylne p&p,20231001,619,305,314,,120177,65272,12187,,"52 656,31 zł","4,32 zł"
wydruk ramy tekstylne p&p,20231101,500,298,202,,101813,63734,8660,,"37 417,22 zł","4,32 zł"
wydruk ramy tekstylne p&p,20231201,215,124,91,,49494,34430,3480,,"15 036,02 zł","4,32 zł"
wydruk ramy tekstylne standard niepodświetlane,20240101,21,14,7,,4863,4347,118,,"509,84 zł","4,32 zł"
wydruk ramy tekstylne standard niepodświetlane,20230101,11,11,,,2660,2660,,,"0,00 zł","4,32 zł"
wydruk ramy tekstylne standard niepodświetlane,20240201,14,2,12,,2383,1122,291,,"1 257,32 zł","4,32 zł"
wydruk ramy tekstylne standard niepodświetlane,20230301,10,2,8,,530,404,27,,"116,66 zł","4,32 zł"
wydruk ramy tekstylne standard niepodświetlane,20230401,3,3,,,410,410,,,"0,00 zł","4,32 zł"
wydruk ramy tekstylne standard niepodświetlane,20230501,8,8,,,1018,1018,,,"0,00 zł","4,32 zł"
wydruk ramy tekstylne standard niepodświetlane,20230601,41,41,,,5373,5373,,,"0,00 zł","4,32 zł"
wydruk ramy tekstylne standard niepodświetlane,20230701,1,1,,,150,150,,,"0,00 zł","4,32 zł"
wydruk ramy tekstylne standard niepodświetlane,20230801,6,6,,,576,576,,,"0,00 zł","4,32 zł"
wydruk ramy tekstylne standard niepodświetlane,20230901,4,4,,,1076,1076,,,"0,00 zł","4,32 zł"
wydruk ramy tekstylne standard niepodświetlane,20231001,5,3,2,,2011,774,278,,"1 201,15 zł","4,32 zł"
wydruk ramy tekstylne standard niepodświetlane,20231101,35,9,26,,4662,1456,723,,"3 123,86 zł","4,32 zł"
wydruk ramy tekstylne standard niepodświetlane,20231201,11,7,4,,2782,2522,60,,"259,24 zł","4,32 zł"
wydruk ramy tekstylne standard podświetlane,20240101,75,55,20,,28132,18286,2253,,"9 734,53 zł","4,32 zł"
wydruk ramy tekstylne standard podświetlane,20230101,41,25,16,,19581,10153,2010,,"8 684,60 zł","4,32 zł"
wydruk ramy tekstylne standard podświetlane,20230201,29,13,16,,12075,5348,1416,,"6 118,10 zł","4,32 zł"
wydruk ramy tekstylne standard podświetlane,20240201,112,98,14,,35064,30616,1028,,"4 441,67 zł","4,32 zł"
wydruk ramy tekstylne standard podświetlane,20230301,76,54,22,,33072,20993,2571,,"11 108,51 zł","4,32 zł"
wydruk ramy tekstylne standard podświetlane,20230401,45,28,17,,23266,11940,2437,,"10 529,53 zł","4,32 zł"
wydruk ramy tekstylne standard podświetlane,20230501,57,45,12,,18680,12634,1336,,"5 772,45 zł","4,32 zł"
wydruk ramy tekstylne standard podświetlane,20230601,51,36,15,,23008,12900,2258,,"9 756,13 zł","4,32 zł"
wydruk ramy tekstylne standard podświetlane,20230701,23,15,8,,11982,7542,997,,"4 307,73 zł","4,32 zł"
wydruk ramy tekstylne standard podświetlane,20230801,31,13,18,,16876,6945,2235,,"9 656,75 zł","4,32 zł"
wydruk ramy tekstylne standard podświetlane,20230901,57,30,27,,26798,12480,3115,,"13 458,96 zł","4,32 zł"
wydruk ramy tekstylne standard podświetlane,20231001,79,40,39,,36876,18353,4080,,"17 628,44 zł","4,32 zł"
wydruk ramy tekstylne standard podświetlane,20231101,95,80,15,,33950,26520,1689,,"7 297,65 zł","4,32 zł"
wydruk ramy tekstylne standard podświetlane,20231201,70,62,8,,20375,14701,1310,,"5 660,11 zł","4,32 zł"
wydruk rollup,20230101,16,16,,,1668,1668,,,"0,00 zł","4,32 zł"
wydruk rollup,20230201,30,30,,,2913,2913,,,"0,00 zł","4,32 zł"
wydruk rollup,20240201,1,1,,,132,132,,,"0,00 zł","4,32 zł"
wydruk rollup,20230301,5,5,,,570,570,,,"0,00 zł","4,32 zł"
wydruk rollup,20230401,4,4,,,324,324,,,"0,00 zł","4,32 zł"
wydruk rollup,20230501,33,33,,,4357,4357,,,"0,00 zł","4,32 zł"
wydruk rollup,20230601,20,20,,,1737,1737,,,"0,00 zł","4,32 zł"
wydruk rollup,20230701,13,13,,,1600,1600,,,"0,00 zł","4,32 zł"
wydruk rollup,20230801,10,10,,,1590,1590,,,"0,00 zł","4,32 zł"
wydruk rollup,20230901,37,37,,,3979,3979,,,"0,00 zł","4,32 zł"
wydruk rollup,20231001,5,5,,,555,555,,,"0,00 zł","4,32 zł"
wydruk rollup,20231101,14,14,,,813,813,,,"0,00 zł","4,32 zł"
wydruk rollup,20231201,14,14,,,1635,1635,,,"0,00 zł","4,32 zł"
wydruk trybunka classic,20240101,22,3,19,,4690,653,921,,"3 979,36 zł","4,32 zł"
wydruk trybunka classic,20230101,35,14,21,,7944,2517,1156,,"4 994,72 zł","4,32 zł"
wydruk trybunka classic,20230201,38,32,6,,8011,6508,316,,"1 365,34 zł","4,32 zł"
wydruk trybunka classic,20240201,92,66,26,,15861,10931,1142,,"4 934,23 zł","4,32 zł"
wydruk trybunka classic,20230301,91,22,69,,22275,4157,3867,,"16 708,13 zł","4,32 zł"
wydruk trybunka classic,20230401,137,107,30,,23971,16613,1594,,"6 887,19 zł","4,32 zł"
wydruk trybunka classic,20230501,58,48,10,,11104,8586,553,,"2 389,34 zł","4,32 zł"
wydruk trybunka classic,20230601,143,131,12,,34234,31240,669,,"2 890,54 zł","4,32 zł"
wydruk trybunka classic,20230701,35,24,11,,7538,4797,619,,"2 674,51 zł","4,32 zł"
wydruk trybunka classic,20230801,28,23,5,,5309,4104,269,,"1 162,27 zł","4,32 zł"
wydruk trybunka classic,20230901,25,20,5,,4724,3406,290,,"1 253,00 zł","4,32 zł"
wydruk trybunka classic,20231001,66,26,40,,14707,4357,2286,,"9 877,11 zł","4,32 zł"
wydruk trybunka classic,20231101,38,28,10,,6909,4588,531,,"2 294,29 zł","4,32 zł"
wydruk trybunka classic,20231201,18,12,6,,3362,1853,348,,"1 503,60 zł","4,32 zł"
wydruk trybunka podświetlana,20240101,22,11,11,,4080,1488,593,,"2 562,17 zł","4,32 zł"
wydruk trybunka podświetlana,20230101,15,6,9,,3697,1626,440,,"1 901,11 zł","4,32 zł"
wydruk trybunka podświetlana,20230201,39,18,21,,9487,3216,1320,,"5 703,32 zł","4,32 zł"
wydruk trybunka podświetlana,20240201,50,23,27,,11924,4541,1706,,"7 371,11 zł","4,32 zł"
wydruk trybunka podświetlana,20230301,54,14,40,,11914,2098,2091,,"9 034,57 zł","4,32 zł"
wydruk trybunka podświetlana,20230401,21,4,16,1,4427,556,773,68,"3 339,90 zł","4,32 zł"
wydruk trybunka podświetlana,20230501,23,12,11,,5715,2689,664,,"2 868,94 zł","4,32 zł"
wydruk trybunka podświetlana,20230601,10,3,7,,2093,252,412,,"1 780,13 zł","4,32 zł"
wydruk trybunka podświetlana,20230701,7,5,2,,1718,1166,124,,"535,77 zł","4,32 zł"
wydruk trybunka podświetlana,20230801,21,18,3,,3288,2816,106,,"457,99 zł","4,32 zł"
wydruk trybunka podświetlana,20230901,33,27,6,,5586,4403,256,,"1 106,10 zł","4,32 zł"
wydruk trybunka podświetlana,20231001,116,96,20,,12329,6924,1182,,"5 107,06 zł","4,32 zł"
wydruk trybunka podświetlana,20231101,34,17,17,,7275,2693,1041,,"4 497,84 zł","4,32 zł"
wydruk trybunka podświetlana,20231201,20,10,10,,5298,2590,626,,"2 704,76 zł","4,32 zł"
wydruk trybunka vario,20240101,11,6,5,,2631,1247,317,,"1 369,66 zł","4,32 zł"
wydruk trybunka vario,20230101,19,5,14,,3974,987,634,,"2 739,32 zł","4,32 zł"
wydruk trybunka vario,20230201,32,9,23,,7236,2079,1086,,"4 692,27 zł","4,32 zł"
wydruk trybunka vario,20240201,52,23,29,,11622,5084,1510,,"6 524,25 zł","4,32 zł"
wydruk trybunka vario,20230301,104,19,85,,25346,4315,4483,,"19 369,68 zł","4,32 zł"
wydruk trybunka vario,20230401,17,5,12,,3730,914,607,,"2 622,66 zł","4,32 zł"
wydruk trybunka vario,20230501,43,27,16,,9201,4920,945,,"4 083,06 zł","4,32 zł"
wydruk trybunka vario,20230601,37,4,33,,8997,929,1814,,"7 837,74 zł","4,32 zł"
wydruk trybunka vario,20230701,18,3,15,,4202,529,825,,"3 564,57 zł","4,32 zł"
wydruk trybunka vario,20230801,284,136,148,,61884,28716,7461,,"32 236,71 zł","4,32 zł"
wydruk trybunka vario,20230901,43,31,12,,10273,7005,711,,"3 072,01 zł","4,32 zł"
wydruk trybunka vario,20231001,62,15,47,,15402,3269,2673,,"11 549,22 zł","4,32 zł"
wydruk trybunka vario,20231101,21,10,11,,4694,2280,545,,"2 354,78 zł","4,32 zł"
wydruk trybunka vario,20231201,9,4,5,,1877,650,283,,"1 222,76 zł","4,32 zł"
wydruk vario,20240101,7,,7,,2477,,568,,"2 454,15 zł","4,32 zł"
wydruk vario,20230101,78,11,67,,20595,2585,3839,,"16 587,15 zł","4,32 zł"
wydruk vario,20230201,9,4,5,,2534,604,406,,"1 754,20 zł","4,32 zł"
wydruk vario,20240201,12,9,2,1,6633,1878,200,965,"864,14 zł","4,32 zł"
wydruk vario,20230301,30,11,19,,21397,9380,2561,,"11 065,30 zł","4,32 zł"
wydruk vario,20230401,6,,6,,1163,,249,,"1 075,85 zł","4,32 zł"
wydruk vario,20230501,18,11,7,,27965,26834,252,,"1 088,82 zł","4,32 zł"
wydruk vario,20230601,4,2,2,,1275,470,180,,"777,73 zł","4,32 zł"
wydruk vario,20230701,11,,11,,3594,,811,,"3 504,08 zł","4,32 zł"
wydruk vario,20230801,5,1,4,,3045,1339,381,,"1 646,18 zł","4,32 zł"
wydruk vario,20230901,24,15,9,,4173,2328,402,,"1 736,92 zł","4,32 zł"
wydruk vario,20231001,23,22,1,,8248,8009,53,,"229,00 zł","4,32 zł"
wydruk vario,20231101,19,8,11,,4114,2092,462,,"1 996,16 zł","4,32 zł"
wydruk vario,20231201,2,,2,,645,,149,,"643,78 zł","4,32 zł"
wydruk vario crazy,20240101,26,18,8,,26007,16036,2281,,"9 855,51 zł","4,32 zł"
wydruk vario crazy,20230101,33,13,20,,35883,11758,5139,,"22 204,05 zł","4,32 zł"
wydruk vario crazy,20230201,18,6,12,,24642,6225,3880,,"16 764,30 zł","4,32 zł"
wydruk vario crazy,20240201,30,14,16,,40806,14296,6135,,"26 507,46 zł","4,32 zł"
wydruk vario crazy,20230301,174,23,151,,98507,25514,15530,,"67 100,39 zł","4,32 zł"
wydruk vario crazy,20230401,122,29,93,,86923,29302,12428,,"53 697,60 zł","4,32 zł"
wydruk vario crazy,20230501,86,33,53,,70079,32989,8197,,"35 416,74 zł","4,32 zł"
wydruk vario crazy,20230601,25,8,17,,28439,6615,4881,,"21 089,31 zł","4,32 zł"
wydruk vario crazy,20230701,17,1,16,,13989,1029,2912,,"12 581,86 zł","4,32 zł"
wydruk vario crazy,20230801,17,11,6,,17050,10180,1536,,"6 636,59 zł","4,32 zł"
wydruk vario crazy,20230901,19,8,11,,28540,8193,4442,,"19 192,53 zł","4,32 zł"
wydruk vario crazy,20231001,38,24,14,,41061,21965,4194,,"18 120,99 zł","4,32 zł"
wydruk vario crazy,20231101,45,30,15,,44437,23022,4873,,"21 054,75 zł","4,32 zł"
wydruk vario crazy,20231201,24,20,4,,21855,17866,920,,"3 975,04 zł","4,32 zł"
wydruk vario klasyczne kształty,20240101,86,58,28,,69352,50169,4393,,"18 980,81 zł","4,32 zł"
wydruk vario klasyczne kształty,20230101,88,59,29,,78954,48909,6390,,"27 609,24 zł","4,32 zł"
wydruk vario klasyczne kształty,20230201,117,88,29,,107529,78964,6023,,"26 023,55 zł","4,32 zł"
wydruk vario klasyczne kształty,20240201,101,66,35,,87196,55642,7282,,"31 463,30 zł","4,32 zł"
wydruk vario klasyczne kształty,20230301,128,83,45,,109415,66879,9054,,"39 119,57 zł","4,32 zł"
wydruk vario klasyczne kształty,20230401,115,79,33,3,112400,70115,8037,1151,"34 725,43 zł","4,32 zł"
wydruk vario klasyczne kształty,20230501,207,181,26,,178206,151540,5858,,"25 310,63 zł","4,32 zł"
wydruk vario klasyczne kształty,20230601,95,67,28,,83669,62115,4825,,"20 847,35 zł","4,32 zł"
wydruk vario klasyczne kształty,20230701,58,49,9,,51251,43381,1772,,"7 656,27 zł","4,32 zł"
wydruk vario klasyczne kształty,20230801,147,89,58,,111384,81830,6643,,"28 702,38 zł","4,32 zł"
wydruk vario klasyczne kształty,20230901,161,127,34,,138037,107857,6568,,"28 378,32 zł","4,32 zł"
wydruk vario klasyczne kształty,20231001,162,107,55,,143932,100022,9737,,"42 070,61 zł","4,32 zł"
wydruk vario klasyczne kształty,20231101,136,119,17,,113609,102523,2505,,"10 823,34 zł","4,32 zł"
wydruk vario klasyczne kształty,20231201,77,67,10,,59167,52231,1601,,"6 917,43 zł","4,32 zł"
wydruk vario light,20240101,258,102,156,,145453,61321,19290,,"83 346,21 zł","4,32 zł"
wydruk vario light,20230101,266,100,166,,108266,41620,14179,,"61 263,13 zł","4,32 zł"
wydruk vario light,20230201,220,102,118,,112921,46245,14045,,"60 684,16 zł","4,32 zł"
wydruk vario light,20240201,315,136,179,,172821,73163,23033,,"99 518,57 zł","4,32 zł"
wydruk vario light,20230301,375,176,199,,187495,86092,21606,,"93 352,94 zł","4,32 zł"
wydruk vario light,20230401,255,80,175,,118275,37238,17504,,"75 629,45 zł","4,32 zł"
wydruk vario light,20230501,306,123,183,,150358,60984,19692,,"85 083,13 zł","4,32 zł"
wydruk vario light,20230601,221,126,95,,106743,59165,10652,,"46 024,04 zł","4,32 zł"
wydruk vario light,20230701,240,59,181,,111035,34886,17125,,"73 991,90 zł","4,32 zł"
wydruk vario light,20230801,252,104,148,,113344,53421,13447,,"58 100,39 zł","4,32 zł"
wydruk vario light,20230901,322,167,155,,157301,77232,17449,,"75 391,81 zł","4,32 zł"
wydruk vario light,20231001,576,363,213,,232708,122227,24420,,"105 511,37 zł","4,32 zł"
wydruk vario light,20231101,495,219,276,,210542,104696,24005,,"103 718,28 zł","4,32 zł"
wydruk vario light,20231201,191,123,68,,100836,69277,7285,,"31 476,26 zł","4,32 zł"
wydruk vario podwieszane,20240101,2,1,1,,1783,881,206,,"890,06 zł","4,32 zł"
wydruk vario podwieszane,20230101,2,,2,,2993,,637,,"2 752,28 zł","4,32 zł"
wydruk vario podwieszane,20230201,6,2,4,,7144,1953,1100,,"4 752,76 zł","4,32 zł"
wydruk vario podwieszane,20240201,4,3,1,,5599,4087,350,,"1 512,24 zł","4,32 zł"
wydruk vario podwieszane,20230301,5,,5,,7229,,1540,,"6 653,87 zł","4,32 zł"
wydruk vario podwieszane,20230401,3,1,2,,4427,1499,636,,"2 747,96 zł","4,32 zł"
wydruk vario podwieszane,20230601,1,,1,,1422,,318,,"1 373,98 zł","4,32 zł"
wydruk vario podwieszane,20230801,2,,2,,4495,,1005,,"4 342,30 zł","4,32 zł"
wydruk vario podwieszane,20230901,13,3,10,,19671,3599,3457,,"14 936,64 zł","4,32 zł"
wydruk vario podwieszane,20231001,6,1,5,,9253,1402,1751,,"7 565,54 zł","4,32 zł"
zabudowy akcesoria,20240101,4,,4,,534,,122,,"527,12 zł","4,32 zł"
zabudowy akcesoria,20230101,26,25,1,,894,800,20,,"86,41 zł","4,32 zł"
zabudowy akcesoria,20230201,21,20,1,,937,800,29,,"125,30 zł","4,32 zł"
zabudowy akcesoria,20240201,47,44,3,,5567,1640,904,,"3 905,91 zł","4,32 zł"
zabudowy akcesoria,20230301,31,29,2,,4585,3447,242,,"1 045,61 zł","4,32 zł"
zabudowy akcesoria,20230401,59,3,56,,3091,448,571,,"2 467,12 zł","4,32 zł"
zabudowy akcesoria,20230501,5,5,,,571,571,,,"0,00 zł","4,32 zł"
zabudowy akcesoria,20230701,1,1,,,153,153,,,"0,00 zł","4,32 zł"
zabudowy akcesoria,20230801,1,,1,,3344,,747,,"3 227,56 zł","4,32 zł"
zabudowy akcesoria,20230901,47,44,3,,2386,1983,87,,"375,90 zł","4,32 zł"
zabudowy akcesoria,20231001,113,107,6,,6027,5095,210,,"907,35 zł","4,32 zł"
zabudowy akcesoria,20231101,39,39,,,1867,1867,,,"0,00 zł","4,32 zł"
zabudowy foldable,20240101,5,2,3,,9111,7649,336,,"1 451,75 zł","4,32 zł"
zabudowy foldable,20230201,4,1,3,,13313,5737,1596,,"6 895,83 zł","4,32 zł"
zabudowy foldable,20240201,8,2,6,,14429,11953,570,,"2 462,80 zł","4,32 zł"
zabudowy foldable,20230301,3,2,1,,12855,12342,110,,"475,28 zł","4,32 zł"
zabudowy foldable,20230401,8,4,4,,4309,2532,380,,"1 641,86 zł","4,32 zł"
zabudowy foldable,20230501,1,,1,,7468,,1650,,"7 129,15 zł","4,32 zł"
zabudowy foldable,20230601,15,4,11,,8475,3796,1045,,"4 515,13 zł","4,32 zł"
zabudowy foldable,20230701,15,6,9,,21775,17185,1037,,"4 480,56 zł","4,32 zł"
zabudowy foldable,20230801,25,10,15,,17503,8953,1935,,"8 360,54 zł","4,32 zł"
zabudowy foldable,20230901,38,25,13,,32564,23910,1878,,"8 114,27 zł","4,32 zł"
zabudowy foldable,20231001,14,3,11,,22669,14661,1804,,"7 794,53 zł","4,32 zł"
zabudowy foldable,20231101,7,2,5,,13310,11212,475,,"2 052,33 zł","4,32 zł"
zabudowy foldable,20231201,6,1,5,,6326,3750,595,,"2 570,81 zł","4,32 zł"
zabudowy foldable akcesoria,20240101,5,2,3,,191,100,21,,"90,73 zł","4,32 zł"
zabudowy foldable akcesoria,20230201,6,6,,,37,37,,,"0,00 zł","4,32 zł"
zabudowy foldable akcesoria,20240201,14,,14,,182,,42,,"181,47 zł","4,32 zł"
zabudowy foldable akcesoria,20230401,20,2,18,,513,118,84,,"362,94 zł","4,32 zł"
zabudowy foldable akcesoria,20230601,14,4,10,,286,152,30,,"129,62 zł","4,32 zł"
zabudowy foldable akcesoria,20230701,37,16,21,,551,356,44,,"190,11 zł","4,32 zł"
zabudowy foldable akcesoria,20230801,52,6,46,,1210,102,251,,"1 084,49 zł","4,32 zł"
zabudowy foldable akcesoria,20230901,79,32,47,,2835,544,497,,"2 147,39 zł","4,32 zł"
zabudowy foldable akcesoria,20231001,14,3,11,,345,150,44,,"190,11 zł","4,32 zł"
zabudowy foldable akcesoria,20231101,15,,15,,306,,69,,"298,13 zł","4,32 zł"
zabudowy foldable akcesoria,20231201,7,,7,,125,,29,,"125,30 zł","4,32 zł"
zabudowy mframe,20240101,104,26,78,,83483,21338,14186,,"61 293,38 zł","4,32 zł"
zabudowy mframe,20230101,67,43,24,,161702,135374,5593,,"24 165,65 zł","4,32 zł"
zabudowy mframe,20230201,28,20,8,,618511,377259,50774,,"219 378,97 zł","4,32 zł"
zabudowy mframe,20240201,44,29,15,,313962,284938,6687,,"28 892,49 zł","4,32 zł"
zabudowy mframe,20230301,45,34,11,,350540,306240,9430,,"40 744,15 zł","4,32 zł"
zabudowy mframe,20230401,171,87,84,,955701,859115,20831,,"90 004,40 zł","4,32 zł"
zabudowy mframe,20230501,53,43,9,1,284750,191719,17893,2840,"77 310,20 zł","4,32 zł"
zabudowy mframe,20230601,14,10,4,,226908,223455,772,,"3 335,58 zł","4,32 zł"
zabudowy mframe,20230701,3,1,,2,96817,6098,,22665,"0,00 zł","4,32 zł"
zabudowy mframe,20230801,65,60,4,1,378964,223070,24620,11200,"106 375,51 zł","4,32 zł"
zabudowy mframe,20230901,205,144,58,3,1213125,617929,31252,108279,"135 030,36 zł","4,32 zł"
zabudowy mframe,20231001,718,589,127,2,1004737,683719,31406,42759,"135 695,75 zł","4,32 zł"
zabudowy mframe,20231101,13,7,6,,259178,236681,5054,,"21 836,79 zł","4,32 zł"
zabudowy mframe,20231201,23,10,13,,62228,50550,2692,,"11 631,31 zł","4,32 zł"
zabudowy mframe akcesoria,20240101,1358,400,958,,63072,14894,10998,,"47 519,00 zł","4,32 zł"
zabudowy mframe akcesoria,20230101,925,865,60,,69248,43264,5514,,"23 824,31 zł","4,32 zł"
zabudowy mframe akcesoria,20230201,770,650,120,,15311,11841,732,,"3 162,75 zł","4,32 zł"
zabudowy mframe akcesoria,20240201,651,350,191,110,24683,13811,2100,440,"9 073,46 zł","4,32 zł"
zabudowy mframe akcesoria,20230301,594,278,316,,24499,10144,3061,,"13 225,65 zł","4,32 zł"
zabudowy mframe akcesoria,20230401,1042,744,298,,45223,27232,3880,,"16 764,30 zł","4,32 zł"
zabudowy mframe akcesoria,20230501,991,817,174,,26216,19131,1564,,"6 757,57 zł","4,32 zł"
zabudowy mframe akcesoria,20230601,525,33,492,,28259,1698,5918,,"25 569,87 zł","4,32 zł"
zabudowy mframe akcesoria,20230701,35,12,23,,1864,636,278,,"1 201,15 zł","4,32 zł"
zabudowy mframe akcesoria,20230801,861,842,19,,36286,33959,523,,"2 259,72 zł","4,32 zł"
zabudowy mframe akcesoria,20230901,6617,6098,419,100,132704,113790,3429,700,"14 815,66 zł","4,32 zł"
zabudowy mframe akcesoria,20231001,3272,2451,821,,147812,110997,8216,,"35 498,83 zł","4,32 zł"
zabudowy mframe akcesoria,20231101,829,519,110,200,22180,11924,431,2000,"1 862,22 zł","4,32 zł"
zabudowy mframe akcesoria,20231201,833,500,333,,9888,1500,1935,,"8 360,54 zł","4,32 zł"
zabudowy multiframe,20240101,12,3,9,,70818,28625,9683,,"41 837,29 zł","4,32 zł"
zabudowy multiframe,20230101,43,10,33,,214799,60438,32876,,"142 047,17 zł","4,32 zł"
zabudowy multiframe,20230201,27,7,20,,289280,182015,22530,,"97 345,26 zł","4,32 zł"
zabudowy multiframe,20240201,43,21,22,,239347,140967,22701,,"98 084,10 zł","4,32 zł"
zabudowy multiframe,20230301,41,15,26,,286996,126895,34095,,"147 314,10 zł","4,32 zł"
zabudowy multiframe,20230401,45,13,32,,286397,93709,41463,,"179 148,98 zł","4,32 zł"
zabudowy multiframe,20230501,51,34,17,,314658,233609,17928,,"77 461,42 zł","4,32 zł"
zabudowy multiframe,20230601,10,7,3,,64690,53749,2469,,"10 667,80 zł","4,32 zł"
zabudowy multiframe,20230701,19,11,8,,109364,65959,9772,,"42 221,83 zł","4,32 zł"
zabudowy multiframe,20230801,16,11,5,,159379,131971,6138,,"26 520,43 zł","4,32 zł"
zabudowy multiframe,20230901,29,7,22,,145790,38176,23506,,"101 562,26 zł","4,32 zł"
zabudowy multiframe,20231001,50,36,14,,192802,142899,10939,,"47 264,08 zł","4,32 zł"
zabudowy multiframe,20231101,27,10,17,,158219,66667,20721,,"89 529,12 zł","4,32 zł"
zabudowy multiframe,20231201,17,12,5,,92689,81300,2626,,"11 346,15 zł","4,32 zł"
zabudowy multiframe akcesoria,20240101,191,45,146,,15957,10306,1294,,"5 590,98 zł","4,32 zł"
zabudowy multiframe akcesoria,20230101,324,149,175,,47099,16455,6517,,"28 157,97 zł","4,32 zł"
zabudowy multiframe akcesoria,20230201,209,60,149,,38484,7146,6595,,"28 494,98 zł","4,32 zł"
zabudowy multiframe akcesoria,20240201,275,149,126,,32197,14448,4091,,"17 675,96 zł","4,32 zł"
zabudowy multiframe akcesoria,20230301,281,56,225,,50528,17469,7041,,"30 422,01 zł","4,32 zł"
zabudowy multiframe akcesoria,20230401,221,57,164,,48257,15102,7125,,"30 784,95 zł","4,32 zł"
zabudowy multiframe akcesoria,20230501,192,47,145,,48280,14163,7577,,"32 737,91 zł","4,32 zł"
zabudowy multiframe akcesoria,20230601,42,26,16,,5537,1507,904,,"3 905,91 zł","4,32 zł"
zabudowy multiframe akcesoria,20230701,103,50,53,,20249,12994,1632,,"7 051,37 zł","4,32 zł"
zabudowy multiframe akcesoria,20230801,113,66,47,,16727,12691,906,,"3 914,55 zł","4,32 zł"
zabudowy multiframe akcesoria,20230901,217,120,97,,39054,21219,3886,,"16 790,22 zł","4,32 zł"
zabudowy multiframe akcesoria,20231001,207,88,119,,22401,9467,2853,,"12 326,94 zł","4,32 zł"
zabudowy multiframe akcesoria,20231101,197,61,136,,34952,13332,4891,,"21 132,52 zł","4,32 zł"
zabudowy multiframe akcesoria,20231201,100,93,7,,18799,17276,351,,"1 516,56 zł","4,32 zł"
zabudowy sego,20240101,11,9,2,,31740,25025,1549,,"6 692,76 zł","4,32 zł"
zabudowy sego,20230101,1,1,,,1990,1990,,,"0,00 zł","4,32 zł"
zabudowy sego,20230201,11,,11,,20930,,4441,,"19 188,21 zł","4,32 zł"
zabudowy sego,20240201,31,30,1,,111402,108639,640,,"2 765,24 zł","4,32 zł"
zabudowy sego,20230301,24,21,3,,62078,55903,1317,,"5 690,36 zł","4,32 zł"
zabudowy sego,20230401,21,16,5,,80955,68108,2791,,"12 059,06 zł","4,32 zł"
zabudowy sego,20230501,4,4,,,13972,13972,,,"0,00 zł","4,32 zł"
zabudowy sego,20230601,11,10,1,,42351,40154,496,,"2 143,06 zł","4,32 zł"
zabudowy sego,20230701,4,4,,,10533,10533,,,"0,00 zł","4,32 zł"
zabudowy sego,20230801,19,14,5,,111940,68484,9728,,"42 031,72 zł","4,32 zł"
zabudowy sego,20230901,58,44,14,,216031,160379,12024,,"51 952,04 zł","4,32 zł"
zabudowy sego,20231001,27,24,3,,88598,78635,2166,,"9 358,63 zł","4,32 zł"
zabudowy sego,20231101,11,11,,,33016,33016,,,"0,00 zł","4,32 zł"
zabudowy sego,20231201,6,3,3,,11928,6537,1244,,"5 374,94 zł","4,32 zł"
zabudowy sego akcesoria,20240101,24,24,,,3820,3820,,,"0,00 zł","4,32 zł"
zabudowy sego akcesoria,20230201,1,1,,,466,466,,,"0,00 zł","4,32 zł"
zabudowy sego akcesoria,20240201,36,36,,,1869,1869,,,"0,00 zł","4,32 zł"
zabudowy sego akcesoria,20230301,33,28,5,,5220,4561,140,,"604,90 zł","4,32 zł"
zabudowy sego akcesoria,20230401,37,25,12,,2758,1393,292,,"1 261,64 zł","4,32 zł"
zabudowy sego akcesoria,20230601,7,7,,,280,280,,,"0,00 zł","4,32 zł"
zabudowy sego akcesoria,20230801,11,1,10,,734,466,60,,"259,24 zł","4,32 zł"
zabudowy sego akcesoria,20230901,131,69,62,,9077,4109,1075,,"4 644,75 zł","4,32 zł"
zabudowy sego akcesoria,20231001,87,73,14,,11918,8435,756,,"3 266,45 zł","4,32 zł"
zabudowy sego akcesoria,20231101,36,32,4,,3356,3338,4,,"17,28 zł","4,32 zł"
zabudowy sego akcesoria,20231201,9,9,,,3382,3382,,,"0,00 zł","4,32 zł"
zabudowy smart,20230101,11,5,6,,10282,9378,192,,"829,57 zł","4,32 zł"
zabudowy smart,20230201,5,5,,,8416,8416,,,"0,00 zł","4,32 zł"
zabudowy smart,20230301,7,5,2,,18543,18083,98,,"423,43 zł","4,32 zł"
zabudowy smart,20230401,2,,2,,352,,76,,"328,37 zł","4,32 zł"
zabudowy smart,20230501,7,7,,,1595,1595,,,"0,00 zł","4,32 zł"
zabudowy smart,20231101,6,6,,,1538,1538,,,"0,00 zł","4,32 zł"